2000-01-03,
2000-01-04,
2000-01-05,
2000-01-06,
2000-01-07,
2000-01-10,
2000-01-11,
2000-01-12,
2000-01-13,
2000-01-14,
2000-01-18,
2000-01-19,
2000-01-20,
2000-01-21,
2000-01-24,
2000-01-25,
2000-01-26,
2000-01-27,
2000-01-28,
2000-01-31,
2000-02-01,
2000-02-02,
2000-02-03,
2000-02-04,
2000-02-07,
2000-02-08,
2000-02-09,
2000-02-10,
2000-02-11,
2000-02-14,
2000-02-15,
2000-02-16,
2000-02-17,
2000-02-18,
2000-02-22,
2000-02-23,
2000-02-24,
2000-02-25,
2000-02-28,
2000-02-29,
2000-03-01,
2000-03-02,
2000-03-03,
2000-03-06,
2000-03-07,
2000-03-08,
2000-03-09,
2000-03-10,
2000-03-13,
2000-03-14,
2000-03-15,
2000-03-16,
2000-03-17,
2000-03-20,
2000-03-21,
2000-03-22,
2000-03-23,
2000-03-24,
2000-03-27,
2000-03-28,
2000-03-29,
2000-03-30,
2000-03-31,
2000-04-03,
2000-04-04,
2000-04-05,
2000-04-06,
2000-04-07,
2000-04-10,
2000-04-11,
2000-04-12,
2000-04-13,
2000-04-14,
2000-04-17,
2000-04-18,
2000-04-19,
2000-04-20,
2000-04-24,
2000-04-25,
2000-04-26,
2000-04-27,
2000-04-28,
2000-05-01,
2000-05-02,
2000-05-03,
2000-05-04,
2000-05-05,
2000-05-08,
2000-05-09,
2000-05-10,
2000-05-11,
2000-05-12,
2000-05-15,
2000-05-16,
2000-05-17,
2000-05-18,
2000-05-19,
2000-05-22,
2000-05-23,
2000-05-24,
2000-05-25,
2000-05-26,
2000-05-30,
2000-05-31,
2000-06-01,
2000-06-02,
2000-06-05,
2000-06-06,
2000-06-07,
2000-06-08,
2000-06-09,
2000-06-12,
2000-06-13,
2000-06-14,
2000-06-15,
2000-06-16,
2000-06-19,
2000-06-20,
2000-06-21,
2000-06-22,
2000-06-23,
2000-06-26,
2000-06-27,
2000-06-28,
2000-06-29,
2000-06-30,
2000-07-03,
2000-07-05,
2000-07-06,
2000-07-07,
2000-07-10,
2000-07-11,
2000-07-12,
2000-07-13,
2000-07-14,
2000-07-17,
2000-07-18,
2000-07-19,
2000-07-20,
2000-07-21,
2000-07-24,
2000-07-25,
2000-07-26,
2000-07-27,
2000-07-28,
2000-07-31,
2000-08-01,
2000-08-02,
2000-08-03,
2000-08-04,
2000-08-07,
2000-08-08,
2000-08-09,
2000-08-10,
2000-08-11,
2000-08-14,
2000-08-15,
2000-08-16,
2000-08-17,
2000-08-18,
2000-08-21,
2000-08-22,
2000-08-23,
2000-08-24,
2000-08-25,
2000-08-28,
2000-08-29,
2000-08-30,
2000-08-31,
2000-09-01,
2000-09-05,
2000-09-06,
2000-09-07,
2000-09-08,
2000-09-11,
2000-09-12,
2000-09-13,
2000-09-14,
2000-09-15,
2000-09-18,
2000-09-19,
2000-09-20,
2000-09-21,
2000-09-22,
2000-09-25,
2000-09-26,
2000-09-27,
2000-09-28,
2000-09-29,
2000-10-02,
2000-10-03,
2000-10-04,
2000-10-05,
2000-10-06,
2000-10-09,
2000-10-10,
2000-10-11,
2000-10-12,
2000-10-13,
2000-10-16,
2000-10-17,
2000-10-18,
2000-10-19,
2000-10-20,
2000-10-23,
2000-10-24,
2000-10-25,
2000-10-26,
2000-10-27,
2000-10-30,
2000-10-31,
2000-11-01,
2000-11-02,
2000-11-03,
2000-11-06,
2000-11-07,
2000-11-08,
2000-11-09,
2000-11-10,
2000-11-13,
2000-11-14,
2000-11-15,
2000-11-16,
2000-11-17,
2000-11-20,
2000-11-21,
2000-11-22,
2000-11-24,
2000-11-27,
2000-11-28,
2000-11-29,
2000-11-30,
2000-12-01,
2000-12-04,
2000-12-05,
2000-12-06,
2000-12-07,
2000-12-08,
2000-12-11,
2000-12-12,
2000-12-13,
2000-12-14,
2000-12-15,
2000-12-18,
2000-12-19,
2000-12-20,
2000-12-21,
2000-12-22,
2000-12-26,
2000-12-27,72.20462322400003
2000-12-28,71.81612321600002
2000-12-29,71.46562320400002
2001-01-02,71.10912321600003
2001-01-03,70.79462322000002
2001-01-04,70.46487321600002
2001-01-05,70.13937320800002
2001-01-08,69.83462320800002
2001-01-09,69.55462319600001
2001-01-10,69.23387320400002
2001-01-11,68.90412320800002
2001-01-12,68.55712321200002
2001-01-16,68.19937321600003
2001-01-17,67.81262323600001
2001-01-18,67.44212323200001
2001-01-19,67.095123228
2001-01-22,66.72312320400002
2001-01-23,66.36437319600002
2001-01-24,66.00637319200001
2001-01-25,65.67962318400001
2001-01-26,65.34287319200001
2001-01-29,65.02862320400001
2001-01-30,64.72037319600001
2001-01-31,64.39362320000002
2001-02-01,64.04612319200001
2001-02-02,63.672373176000015
2001-02-05,63.293623152000016
2001-02-06,62.92762317600002
2001-02-07,62.55662319600002
2001-02-08,62.204623196000014
2001-02-09,61.817873180000014
2001-02-12,61.420623180000014
2001-02-13,61.04062317200001
2001-02-14,60.659123152000014
2001-02-15,60.29437314000002
2001-02-16,59.91512314400002
2001-02-20,59.523373128000024
2001-02-21,59.13806071200002
2001-02-22,58.771810700000024
2001-02-23,58.39406069200002
2001-02-26,58.01356069600002
2001-02-27,57.56981068800002
2001-02-28,57.15481068000002
2001-03-01,56.71781065600002
2001-03-02,56.29206067200001
2001-03-05,55.882060668000015
2001-03-06,55.48006066000001
2001-03-07,55.07606068800001
2001-03-08,54.656310716000014
2001-03-09,54.25206073200001
2001-03-12,53.86956074400002
2001-03-13,53.48281072800002
2001-03-14,53.07831072000002
2001-03-15,52.65706070400002
2001-03-16,52.24356071200002
2001-03-19,51.786060736000024
2001-03-20,51.28806071200002
2001-03-21,50.80331071200002
2001-03-22,50.33506070800002
2001-03-23,49.86881071200002
2001-03-26,49.39943070800002
2001-03-27,48.947160688000025
2001-03-28,48.532840712000024
2001-03-29,48.07971073600003
2001-03-30,47.63474071600003
2001-04-02,47.21185071600003
2001-04-03,46.77131071200003
2001-04-04,46.34856072400003
2001-04-05,45.90504073200004
2001-04-06,45.48740072000004
2001-04-09,45.09181071600004
2001-04-10,44.742970728000046
2001-04-11,44.37492073600004
2001-04-12,44.01710075200004
2001-04-16,43.60736076000005
2001-04-17,43.18146076000004
2001-04-18,42.78812074800005
2001-04-19,42.41550073200004
2001-04-20,42.03366076000004
2001-04-23,41.61741077200004
2001-04-24,41.22828078400004
2001-04-25,40.82016076800004
2001-04-26,40.42267074000004
2001-04-27,40.03022075200004
2001-04-30,39.660680772000035
2001-05-01,39.304150768000035
2001-05-02,38.96776076400003
2001-05-03,38.61510074400003
2001-05-04,38.27760075600003
2001-05-07,37.955690760000024
2001-05-08,37.65672076000003
2001-05-09,37.341390760000024
2001-05-10,37.00289076400003
2001-05-11,36.690290760000025
2001-05-14,36.36070076800002
2001-05-15,36.04792078000002
2001-05-16,35.74132076400002
2001-05-17,35.45952075600002
2001-05-18,35.19389075600002
2001-05-21,34.944880764000025
2001-05-22,34.68813076000002
2001-05-23,34.43198834800002
2001-05-24,34.17928834400002
2001-05-25,33.920078352000026
2001-05-29,33.66995835600002
2001-05-30,33.392578368000024
2001-05-31,33.102128368000024
2001-06-01,32.82043838400002
2001-06-04,32.53157837600002
2001-06-05,32.22908838800002
2001-06-06,31.932758400000022
2001-06-07,31.63639839200002
2001-06-08,31.356928392000018
2001-06-11,31.05908839200002
2001-06-12,30.778578400000022
2001-06-13,30.49095840800002
2001-06-14,30.20572840000002
2001-06-15,29.90098839600002
2001-06-18,29.577308392000017
2001-06-19,29.435568388000014
2001-06-20,29.307248392000016
2001-06-21,29.190458392000014
2001-06-22,29.062998392000015
2001-06-25,28.951958392000016
2001-06-26,28.829208388000012
2001-06-27,28.717568384000014
2001-06-28,28.602228384000014
2001-06-29,28.481978388000012
2001-07-02,28.37107838800001
2001-07-03,28.259188384000012
2001-07-05,28.134198380000008
2001-07-06,27.993818384000008
2001-07-09,27.85686839600001
2001-07-10,27.705928400000012
2001-07-11,27.57008840800001
2001-07-12,27.43677840000001
2001-07-13,27.302928388000012
2001-07-16,27.16976837600001
2001-07-17,27.05941837200001
2001-07-18,26.922078372000012
2001-07-19,26.78766836800001
2001-07-20,26.672838368000008
2001-07-23,26.550748364000007
2001-07-24,26.426858360000004
2001-07-25,26.292738368000006
2001-07-26,26.173848364000005
2001-07-27,26.046438360000003
2001-07-30,25.924908356000003
2001-07-31,25.811068352000003
2001-08-01,25.695308356
2001-08-02,25.585088356
2001-08-03,25.471338364000005
2001-08-06,25.360858372000006
2001-08-07,25.247858376000007
2001-08-08,25.133208376000006
2001-08-09,25.01865837600001
2001-08-10,24.90648838000001
2001-08-13,24.79609838000001
2001-08-14,24.67701838400001
2001-08-15,24.54502838800001
2001-08-16,24.419628388000007
2001-08-17,24.289908384000007
2001-08-20,24.155638376000002
2001-08-21,24.010068372000003
2001-08-22,23.858471164
2001-08-23,23.702461156000005
2001-08-24,23.544491164000007
2001-08-27,23.383421156000008
2001-08-28,23.219021160000008
2001-08-29,23.046591144000004
2001-08-30,22.864161140000004
2001-08-31,22.688611156000004
2001-09-04,22.527861160000004
2001-09-05,22.354061176000002
2001-09-06,22.189441180000006
2001-09-07,22.024811184000004
2001-09-10,21.863291184000005
2001-09-17,21.699251188000005
2001-09-18,21.536933992000005
2001-09-19,21.384076788000005
2001-09-20,21.20417198400001
2001-09-21,21.027341984000007
2001-09-24,20.848954788000007
2001-09-25,20.684364792000007
2001-09-26,20.536214792000006
2001-09-27,20.384254792000007
2001-09-28,20.24054479600001
2001-10-01,20.10695480000001
2001-10-02,19.953154804000008
2001-10-03,19.910074808000008
2001-10-04,19.87659481200001
2001-10-05,19.85190481600001
2001-10-08,19.82220481600001
2001-10-09,19.797954824000012
2001-10-10,19.77648482000001
2001-10-11,19.76044482000001
2001-10-12,19.74898482000001
2001-10-15,19.74244482000001
2001-10-16,19.734484820000013
2001-10-17,19.714194824000014
2001-10-18,19.700194824000015
2001-10-19,19.692894824000014
2001-10-22,19.688474824000014
2001-10-23,19.685284824000018
2001-10-24,19.683084820000015
2001-10-25,19.678344816000013
2001-10-26,19.677524816000012
2001-10-29,19.674044816000013
2001-10-30,19.67044482000001
2001-10-31,19.666434824000014
2001-11-01,19.663544824000017
2001-11-02,19.659574820000017
2001-11-05,19.653854816000017
2001-11-06,19.642884820000017
2001-11-07,19.632244816000018
2001-11-08,19.621334812000015
2001-11-09,19.610924808000014
2001-11-12,19.605674808000014
2001-11-13,19.602404804000013
2001-11-14,19.604594800000008
2001-11-15,19.604894800000007
2001-11-16,19.59977480000001
2001-11-19,19.600274804000012
2001-11-20,19.60239480800001
2001-11-21,19.607114808000013
2001-11-23,19.610724808000015
2001-11-26,19.620954808000015
2001-11-27,19.630954808000013
2001-11-28,19.635824804000013
2001-11-29,19.642754804000013
2001-11-30,19.655830004000013
2001-12-03,19.669780000000014
2001-12-04,19.693380000000012
2001-12-05,19.720170000000014
2001-12-06,19.74454000400001
2001-12-07,19.766700004000015
2001-12-10,19.799610004000012
2001-12-11,19.829480000000014
2001-12-12,19.855190004000015
2001-12-13,19.878440004000016
2001-12-14,19.898500000000016
2001-12-17,19.920980000000014
2001-12-18,19.947270000000014
2001-12-19,19.977499996000013
2001-12-20,20.003179996000014
2001-12-21,20.031179996000013
2001-12-24,20.059119996000014
2001-12-26,20.088829996000012
2001-12-27,20.117109992000014
2001-12-28,20.14807998400001
2001-12-31,20.17642998800001
2002-01-02,20.21037998400001
2002-01-03,20.24519998800001
2002-01-04,20.28045998800001
2002-01-07,20.30655999200001
2002-01-08,20.32874999200001
2002-01-09,20.349849996000007
2002-01-10,20.368519996000007
2002-01-11,20.383969992000004
2002-01-14,20.402319992000006
2002-01-15,20.417119988000007
2002-01-16,20.431489988000006
2002-01-17,20.452909988000002
2002-01-18,20.474339992000004
2002-01-22,20.486869992000003
2002-01-23,20.500949988000006
2002-01-24,20.516789992000007
2002-01-25,20.527789992000006
2002-01-28,20.538869992000006
2002-01-29,20.551399992000007
2002-01-30,20.569509996000004
2002-01-31,20.581639992000003
2002-02-01,20.592279992
2002-02-04,20.607179992000006
2002-02-05,20.624479992000005
2002-02-06,20.640659996000007
2002-02-07,20.657109996000006
2002-02-08,20.668729992000006
2002-02-11,20.68564999200001
2002-02-12,20.70148999600001
2002-02-13,20.72502999600001
2002-02-14,20.74468000000001
2002-02-15,20.76378000000001
2002-02-19,20.776259996000007
2002-02-20,20.78852999600001
2002-02-21,20.79853000000001
2002-02-22,20.816240000000008
2002-02-25,20.83597999600001
2002-02-26,20.85540999200001
2002-02-27,20.86799999200001
2002-02-28,20.87679998400001
2002-03-01,20.89309998000001
2002-03-04,20.91725998000001
2002-03-05,20.936379976000012
2002-03-06,20.95565997600001
2002-03-07,20.97167997600001
2002-03-08,20.98431997600001
2002-03-11,20.999559968000007
2002-03-12,21.015189964000008
2002-03-13,21.03214996400001
2002-03-14,21.055369960000007
2002-03-15,21.076919960000005
2002-03-18,21.094129960000007
2002-03-19,21.114779960000007
2002-03-20,21.135959960000008
2002-03-21,21.150789960000008
2002-03-22,21.168399964000006
2002-03-25,21.181299964000008
2002-03-26,21.18863996800001
2002-03-27,21.19051996400001
2002-03-28,21.19807996400001
2002-04-01,21.20443997200001
2002-04-02,21.21203997200001
2002-04-03,21.21691997200001
2002-04-04,21.22823998000001
2002-04-05,21.240839980000008
2002-04-08,21.258119984000007
2002-04-09,21.276519976000007
2002-04-10,21.291679976000008
2002-04-11,21.308759972000008
2002-04-12,21.32683997200001
2002-04-15,21.33867997200001
2002-04-16,21.35443997200001
2002-04-17,21.369199968000004
2002-04-18,21.385079972000007
2002-04-19,21.40339996800001
2002-04-22,21.41035997600001
2002-04-23,21.404479972000008
2002-04-24,21.399399968000008
2002-04-25,21.39887997200001
2002-04-26,21.39479997200001
2002-04-29,21.391759968000006
2002-04-30,21.390079972000006
2002-05-01,21.381199968000004
2002-05-02,21.373999972
2002-05-03,21.36431998
2002-05-06,21.34855998
2002-05-07,21.338599976
2002-05-08,21.333079976
2002-05-09,21.329999972
2002-05-10,21.324999971999997
2002-05-13,21.324839976
2002-05-14,21.335279971999995
2002-05-15,21.344999964
2002-05-16,21.352679959999996
2002-05-17,21.359999959999996
2002-05-20,21.362559963999995
2002-05-21,21.362199963999995
2002-05-22,21.365359963999996
2002-05-23,21.371839967999993
2002-05-24,21.37443996799999
2002-05-28,21.37743997199999
2002-05-29,21.38055997199999
2002-05-30,21.38631997199999
2002-05-31,21.393639963999988
2002-06-03,21.406159963999986
2002-06-04,21.417479971999988
2002-06-05,21.424799963999988
2002-06-06,21.430799959999987
2002-06-07,21.432639963999986
2002-06-10,21.43563995999999
2002-06-11,21.43083995599999
2002-06-12,21.425919947999986
2002-06-13,21.423919947999988
2002-06-14,21.423079947999987
2002-06-17,21.423359943999984
2002-06-18,21.424439951999986
2002-06-19,21.411159947999987
2002-06-20,21.398279943999988
2002-06-21,21.38491994399999
2002-06-24,21.36731994399999
2002-06-25,21.34591993999999
2002-06-26,21.323079939999992
2002-06-27,21.295359939999994
2002-06-28,21.271239939999997
2002-07-01,21.246119939999996
2002-07-02,21.219719943999998
2002-07-03,21.196919939999997
2002-07-05,21.176279939999997
2002-07-08,21.152959939999995
2002-07-09,21.130319944
2002-07-10,21.111479940000002
2002-07-11,21.093879936
2002-07-12,21.079359936
2002-07-15,21.062119936
2002-07-16,21.036119936
2002-07-17,20.99923994
2002-07-18,20.963359940000004
2002-07-19,20.92279994
2002-07-22,20.899319936
2002-07-23,20.877359939999998
2002-07-24,20.858239944
2002-07-25,20.837519944
2002-07-26,20.818519939999998
2002-07-29,20.804719936
2002-07-30,20.792079932
2002-07-31,20.777279932000003
2002-08-01,20.760759936000003
2002-08-02,20.743399940000003
2002-08-05,20.723119936000003
2002-08-06,20.702799936
2002-08-07,20.684919932
2002-08-08,20.669599928
2002-08-09,20.652599928
2002-08-12,20.636959924000003
2002-08-13,20.619119924000003
2002-08-14,20.603719924
2002-08-15,20.589799923999998
2002-08-16,20.578119924000003
2002-08-19,20.568279924000002
2002-08-20,20.557319924
2002-08-21,20.549519924000005
2002-08-22,20.540919928000008
2002-08-23,20.532159928000006
2002-08-26,20.521439928000003
2002-08-27,20.509599924000003
2002-08-28,20.494119924000003
2002-08-29,20.477239916000002
2002-08-30,20.462639912000004
2002-09-03,20.447519912000004
2002-09-04,20.434119912000007
2002-09-05,20.416639912000004
2002-09-06,20.401159912000008
2002-09-09,20.384439908000008
2002-09-10,20.370879904000006
2002-09-11,20.358919904000008
2002-09-12,20.345999904000006
2002-09-13,20.33471990800001
2002-09-16,20.32759990800001
2002-09-17,20.318719904000012
2002-09-18,20.316079904000013
2002-09-19,20.311479904000013
2002-09-20,20.30515990800001
2002-09-23,20.302399904000012
2002-09-24,20.300359904000015
2002-09-25,20.298039904000017
2002-09-26,20.294799900000015
2002-09-27,20.29151990000002
2002-09-30,20.28931989600002
2002-10-01,20.28743989200002
2002-10-02,20.280599896000023
2002-10-03,20.273239892000024
2002-10-04,20.264559896000023
2002-10-07,20.255639892000026
2002-10-08,20.243079896000026
2002-10-09,20.226479896000026
2002-10-10,20.210879892000026
2002-10-11,20.196959892000027
2002-10-14,20.183999888000027
2002-10-15,20.176679888000027
2002-10-16,20.16291988400003
2002-10-17,20.146159880000027
2002-10-18,20.127439876000025
2002-10-21,20.113119872000023
2002-10-22,20.096119868000027
2002-10-23,20.07887986800003
2002-10-24,20.06295987200003
2002-10-25,20.05411987600003
2002-10-28,20.04615987200003
2002-10-29,20.037679872000027
2002-10-30,20.027239872000024
2002-10-31,20.017239880000023
2002-11-01,20.006399888000022
2002-11-04,19.995679880000022
2002-11-05,19.98491988400002
2002-11-06,19.978959888000023
2002-11-07,19.968119896000026
2002-11-08,19.956479896000026
2002-11-11,19.939639900000028
2002-11-12,19.92375990400003
2002-11-13,19.908319904000027
2002-11-14,19.897639900000026
2002-11-15,19.881439900000025
2002-11-18,19.86591989600003
2002-11-19,19.848279900000026
2002-11-20,19.831039900000025
2002-11-21,19.81095990000003
2002-11-22,19.790999896000027
2002-11-25,19.772759900000025
2002-11-26,19.752719904000028
2002-11-27,19.730399900000027
2002-11-29,19.708199900000025
2002-12-02,19.679319900000028
2002-12-03,19.644919900000026
2002-12-04,19.613679900000026
2002-12-05,19.582039896000023
2002-12-06,19.551679896000024
2002-12-09,19.523559900000024
2002-12-10,19.498719896000026
2002-12-11,19.476679900000025
2002-12-12,19.455879908000025
2002-12-13,19.432559908000023
2002-12-16,19.407919904000025
2002-12-17,19.381759908000024
2002-12-18,19.357359904000024
2002-12-19,19.330159904000023
2002-12-20,19.301279904000026
2002-12-23,19.273279904000024
2002-12-24,19.242439908000023
2002-12-26,19.21031991600002
2002-12-27,19.178959912000025
2002-12-30,19.142039916000023
2002-12-31,19.10503990800002
2003-01-02,19.069479908000023
2003-01-03,19.037479912000023
2003-01-06,19.006639916000026
2003-01-07,18.97943991200003
2003-01-08,18.952719908000027
2003-01-09,18.927239916000026
2003-01-10,18.90151991600003
2003-01-13,18.873239916000028
2003-01-14,18.848559920000028
2003-01-15,18.816359920000032
2003-01-16,18.78615991600003
2003-01-17,18.75527992000003
2003-01-21,18.71927992000003
2003-01-22,18.68195991600003
2003-01-23,18.64563992000003
2003-01-24,18.607759920000028
2003-01-27,18.57199991600003
2003-01-28,18.533959912000032
2003-01-29,18.49479991200003
2003-01-30,18.454439916000034
2003-01-31,18.410479920000032
2003-02-03,18.367319920000032
2003-02-04,18.327039916000032
2003-02-05,18.28763991600003
2003-02-06,18.24923992000003
2003-02-07,18.20591992400003
2003-02-10,18.164479924000027
2003-02-11,18.121839924000028
2003-02-12,18.08099992400003
2003-02-13,18.043559928000032
2003-02-14,18.011759928000032
2003-02-18,17.980319932000032
2003-02-19,17.95371992800003
2003-02-20,17.921839924000032
2003-02-21,17.88659992800003
2003-02-24,17.850879932000034
2003-02-25,17.823119932000033
2003-02-26,17.794319936000033
2003-02-27,17.75995994000003
2003-02-28,17.722839940000032
2003-03-03,17.687319944000027
2003-03-04,17.649279940000028
2003-03-05,17.610239932000027
2003-03-06,17.569839928000025
2003-03-07,17.527719932000025
2003-03-10,17.486319932000026
2003-03-11,17.445279932000023
2003-03-12,17.404439932000024
2003-03-13,17.363519932000024
2003-03-14,17.323679928000026
2003-03-17,17.284319928000027
2003-03-18,17.244639928000026
2003-03-19,17.207359928000024
2003-03-20,17.170639928000025
2003-03-21,17.137239928000024
2003-03-24,17.100879928000023
2003-03-25,17.065199924000023
2003-03-26,17.028159924000025
2003-03-27,16.98827992000002
2003-03-28,16.95027992000002
2003-03-31,16.911839920000023
2003-04-01,16.868879916000022
2003-04-02,16.828319916000027
2003-04-03,16.787919920000025
2003-04-04,16.74915992000003
2003-04-07,16.708479920000027
2003-04-08,16.666839920000026
2003-04-09,16.623359920000027
2003-04-10,16.580839920000027
2003-04-11,16.53067992000003
2003-04-14,16.48055992000003
2003-04-15,16.43247991600003
2003-04-16,16.38551992000003
2003-04-17,16.339879916000026
2003-04-21,16.295439920000028
2003-04-22,16.25439992000003
2003-04-23,16.21223992000003
2003-04-24,16.17395992400003
2003-04-25,16.131519928000028
2003-04-28,16.08987992800003
2003-04-29,16.05019992800003
2003-04-30,16.01231992800003
2003-05-01,15.975719924000028
2003-05-02,15.942919928000027
2003-05-05,15.917399924000026
2003-05-06,15.889919924000028
2003-05-07,15.863759924000027
2003-05-08,15.842479924000026
2003-05-09,15.819919920000027
2003-05-12,15.791719916000027
2003-05-13,15.765279920000028
2003-05-14,15.738639924000028
2003-05-15,15.713519924000028
2003-05-16,15.689759924000029
2003-05-19,15.668319924000029
2003-05-20,15.642199928000029
2003-05-21,15.612879924000028
2003-05-22,15.589239924000028
2003-05-23,15.566599924000027
2003-05-27,15.546199924000028
2003-05-28,15.522519920000027
2003-05-29,15.501719924000028
2003-05-30,15.481879924000028
2003-06-02,15.460559924000028
2003-06-03,15.438919932000028
2003-06-04,15.420679936000028
2003-06-05,15.405639932000028
2003-06-06,15.388319936000027
2003-06-09,15.373639940000027
2003-06-10,15.361999940000027
2003-06-11,15.353639944000028
2003-06-12,15.344319948000027
2003-06-13,15.331839952000028
2003-06-16,15.324319944000028
2003-06-17,15.328599948000027
2003-06-18,15.336639952000029
2003-06-19,15.34579995600003
2003-06-20,15.35351996000003
2003-06-23,15.361199964000031
2003-06-24,15.370119960000029
2003-06-25,15.37823996000003
2003-06-26,15.38451995600003
2003-06-27,15.391199956000031
2003-06-30,15.39967995600003
2003-07-01,15.405839960000032
2003-07-02,15.407959960000033
2003-07-03,15.412439964000033
2003-07-07,15.421799956000031
2003-07-08,15.434119960000032
2003-07-09,15.440479960000031
2003-07-10,15.44875995600003
2003-07-11,15.45523995600003
2003-07-14,15.46339995600003
2003-07-15,15.479319952000031
2003-07-16,15.498839952000031
2003-07-17,15.522599948000032
2003-07-18,15.546359952000032
2003-07-21,15.57091994400003
2003-07-22,15.59331994000003
2003-07-23,15.619039940000029
2003-07-24,15.643719944000031
2003-07-25,15.669799948000032
2003-07-28,15.69203995200003
2003-07-29,15.713879952000028
2003-07-30,15.73579995200003
2003-07-31,15.762319952000029
2003-08-01,15.78927995200003
2003-08-04,15.81515995200003
2003-08-05,15.83655995600003
2003-08-06,15.85387995600003
2003-08-07,15.87359996000003
2003-08-08,15.892199968000032
2003-08-11,15.912479964000031
2003-08-12,15.93059996400003
2003-08-13,15.948879964000028
2003-08-14,15.965519964000029
2003-08-15,15.980439968000027
2003-08-18,15.99815996800003
2003-08-19,16.014959964000028
2003-08-20,16.03511996400003
2003-08-21,16.05891996800003
2003-08-22,16.08031997200003
2003-08-25,16.10435997600003
2003-08-26,16.12975997600003
2003-08-27,16.15687997600003
2003-08-28,16.18663998000003
2003-08-29,16.22087998400003
2003-09-02,16.25435999200003
2003-09-03,16.28943998800003
2003-09-04,16.32323998800003
2003-09-05,16.35575998400003
2003-09-08,16.38939998800003
2003-09-09,16.42171998800003
2003-09-10,16.45387998800003
2003-09-11,16.487439988000027
2003-09-12,16.52183998800003
2003-09-15,16.55147998400003
2003-09-16,16.580839980000025
2003-09-17,16.610999984000028
2003-09-18,16.64303998400003
2003-09-19,16.673959984000028
2003-09-22,16.703719984000024
2003-09-23,16.733719980000025
2003-09-24,16.76019998800002
2003-09-25,16.783039988000024
2003-09-26,16.80779998800002
2003-09-29,16.83495998800002
2003-09-30,16.861159984000018
2003-10-01,16.88711998400002
2003-10-02,16.913279980000016
2003-10-03,16.944959984000015
2003-10-06,16.979399980000014
2003-10-07,17.01791998400001
2003-10-08,17.05371998800001
2003-10-09,17.08947998400001
2003-10-10,17.125119988000012
2003-10-13,17.161879988000017
2003-10-14,17.201839988000014
2003-10-15,17.244679996000013
2003-10-16,17.280320000000014
2003-10-17,17.313080004000014
2003-10-20,17.34716001200001
2003-10-21,17.38036001200001
2003-10-22,17.412640008000015
2003-10-23,17.442920004000012
2003-10-24,17.470880004000012
2003-10-27,17.499520004000015
2003-10-28,17.530480008000016
2003-10-29,17.560960004000016
2003-10-30,17.587879996000016
2003-10-31,17.611880000000017
2003-11-03,17.636880004000016
2003-11-04,17.659640004000014
2003-11-05,17.68776000000001
2003-11-06,17.71688000000001
2003-11-07,17.74623999600001
2003-11-10,17.77127999600001
2003-11-11,17.795080000000013
2003-11-12,17.819200004000013
2003-11-13,17.845080008000014
2003-11-14,17.868320016000016
2003-11-17,17.891760012000017
2003-11-18,17.911280012000017
2003-11-19,17.927560012000015
2003-11-20,17.945040020000018
2003-11-21,17.962280020000016
2003-11-24,17.985240016000013
2003-11-25,18.005080016000015
2003-11-26,18.025960020000017
2003-11-28,18.048880020000016
2003-12-01,18.075080020000016
2003-12-02,18.10136002000002
2003-12-03,18.12696002800002
2003-12-04,18.15176002800002
2003-12-05,18.17616002800002
2003-12-08,18.19924002800002
2003-12-09,18.21908002800002
2003-12-10,18.23984002800002
2003-12-11,18.265520028000022
2003-12-12,18.28968003600002
2003-12-15,18.310040032000018
2003-12-16,18.33224003200002
2003-12-17,18.35496002800002
2003-12-18,18.378560028000017
2003-12-19,18.399400028000017
2003-12-22,18.42136002800002
2003-12-23,18.44300002000002
2003-12-24,18.46840002000002
2003-12-26,18.49524002000002
2003-12-29,18.52252002400002
2003-12-30,18.54844002400002
2003-12-31,18.574320020000016
2004-01-02,18.599840016000016
2004-01-05,18.629120020000016
2004-01-06,18.65928002400002
2004-01-07,18.690920020000018
2004-01-08,18.725480024000017
2004-01-09,18.758960032000022
2004-01-12,18.79544003200002
2004-01-13,18.83420003200002
2004-01-14,18.87252003600002
2004-01-15,18.90752003600002
2004-01-16,18.94232003200002
2004-01-20,18.977720032000015
2004-01-21,19.011480028000012
2004-01-22,19.045000028000015
2004-01-23,19.07872003200001
2004-01-26,19.112440028000012
2004-01-27,19.14500003200001
2004-01-28,19.17780002800001
2004-01-29,19.211080028000016
2004-01-30,19.242680032000013
2004-02-02,19.273560032000013
2004-02-03,19.304800032000013
2004-02-04,19.33424003200001
2004-02-05,19.367320036000017
2004-02-06,19.400760040000016
2004-02-09,19.434040040000014
2004-02-10,19.468400036000013
2004-02-11,19.50544003600001
2004-02-12,19.54168004000001
2004-02-13,19.57260004000001
2004-02-17,19.605840040000015
2004-02-18,19.639800044000015
2004-02-19,19.669680044000014
2004-02-20,19.700320044000016
2004-02-23,19.729000048000014
2004-02-24,19.760440044000013
2004-02-25,19.792240044000017
2004-02-26,19.824360044000017
2004-02-27,19.861440044000016
2004-03-01,19.899280052000016
2004-03-02,19.936040052000017
2004-03-03,19.973480056000017
2004-03-04,20.01600005600002
2004-03-05,20.06548005600002
2004-03-08,20.11256005200002
2004-03-09,20.164080048000017
2004-03-10,20.21592004400002
2004-03-11,20.265400052000015
2004-03-12,20.315600052000015
2004-03-15,20.361400052000015
2004-03-16,20.404880052000014
2004-03-17,20.450000048000014
2004-03-18,20.492680048000015
2004-03-19,20.538640044000015
2004-03-22,20.583880044000015
2004-03-23,20.627400048000013
2004-03-24,20.671440048000015
2004-03-25,20.720640044000014
2004-03-26,20.772240044000014
2004-03-29,20.827240044000014
2004-03-30,20.88052004400001
2004-03-31,20.93084004000001
2004-04-01,20.981640044000006
2004-04-02,21.033680044000008
2004-04-05,21.089160048000007
2004-04-06,21.143720048000006
2004-04-07,21.195480044000007
2004-04-08,21.252800040000007
2004-04-12,21.31064004400001
2004-04-13,21.36480004800001
2004-04-14,21.41840005200001
2004-04-15,21.48312005200001
2004-04-16,21.54728005200001
2004-04-19,21.606640056000007
2004-04-20,21.663240056000006
2004-04-21,21.720400056000006
2004-04-22,21.778120056000002
2004-04-23,21.833480056000003
2004-04-26,21.885760056000002
2004-04-27,21.936640060000002
2004-04-28,21.98500006
2004-04-29,22.034280060000004
2004-04-30,22.073040060000007
2004-05-03,22.107320056000006
2004-05-04,22.141280060000007
2004-05-05,22.175880064000008
2004-05-06,22.209000060000005
2004-05-07,22.241440064000006
2004-05-10,22.271880068000005
2004-05-11,22.306240064000008
2004-05-12,22.34052006800001
2004-05-13,22.374080068000005
2004-05-14,22.409920068000005
2004-05-17,22.445320072000005
2004-05-18,22.482160072000006
2004-05-19,22.515080072000007
2004-05-20,22.548640076000012
2004-05-21,22.58156007600001
2004-05-24,22.61780008000001
2004-05-25,22.659040076000007
2004-05-26,22.701280084000008
2004-05-27,22.74416008400001
2004-05-28,22.78716008400001
2004-06-01,22.82900008400001
2004-06-02,22.874120088000012
2004-06-03,22.919120084000014
2004-06-04,22.967080088000014
2004-06-07,23.017600096000013
2004-06-08,23.069200092000013
2004-06-09,23.11892009200001
2004-06-10,23.17220008800001
2004-06-14,23.219600084000014
2004-06-15,23.26960008400001
2004-06-16,23.324080076000012
2004-06-17,23.378760072000016
2004-06-18,23.433600064000018
2004-06-21,23.486680056000015
2004-06-22,23.543560064000015
2004-06-23,23.602000064000013
2004-06-24,23.657560060000016
2004-06-25,23.717440060000015
2004-06-28,23.771160052000017
2004-06-29,23.82480005200002
2004-06-30,23.877880052000016
2004-07-01,23.93056005600001
2004-07-02,23.975400060000016
2004-07-06,24.017600064000018
2004-07-07,24.059600068000016
2004-07-08,24.101840068000016
2004-07-09,24.142560068000012
2004-07-12,24.179520064000016
2004-07-13,24.217960068000014
2004-07-14,24.256800068000015
2004-07-15,24.304920068000015
2004-07-16,24.350280064000017
2004-07-19,24.395720072000014
2004-07-20,24.441320068000014
2004-07-21,24.484640064000015
2004-07-22,24.52932006800001
2004-07-23,24.565960056000012
2004-07-26,24.60704006000001
2004-07-27,24.65388006400001
2004-07-28,24.70184006800001
2004-07-29,24.74808006400001
2004-07-30,24.79452006000001
2004-08-02,24.83600005200001
2004-08-03,24.879640044000006
2004-08-04,24.928280044000008
2004-08-05,24.974120044000006
2004-08-06,25.01468004400001
2004-08-09,25.057240044000004
2004-08-10,25.104520044000008
2004-08-11,25.147840040000006
2004-08-12,25.189440044000005
2004-08-13,25.233960048000004
2004-08-16,25.275720048000004
2004-08-17,25.317920048
2004-08-18,25.360840044
2004-08-19,25.396960036
2004-08-20,25.436640035999996
2004-08-23,25.477520035999998
2004-08-24,25.52112004
2004-08-25,25.567400039999995
2004-08-26,25.617280032
2004-08-27,25.664240023999998
2004-08-30,25.70932002
2004-08-31,25.755480012
2004-09-01,25.807600011999998
2004-09-02,25.860240008
2004-09-03,25.910200004000004
2004-09-07,25.963760008
2004-09-08,26.020440011999998
2004-09-09,26.073000004
2004-09-10,26.124080004
2004-09-13,26.177600008000002
2004-09-14,26.230120016
2004-09-15,26.282440016
2004-09-16,26.33632002
2004-09-17,26.39456002
2004-09-20,26.457080016
2004-09-21,26.519400016
2004-09-22,26.581800016000003
2004-09-23,26.649160012
2004-09-24,26.715560008
2004-09-27,26.780480012
2004-09-28,26.849760007999997
2004-09-29,26.921320011999995
2004-09-30,26.994040007999995
2004-10-01,27.061960008
2004-10-04,27.127960012
2004-10-05,27.192560008
2004-10-06,27.262880004
2004-10-07,27.327560003999995
2004-10-08,27.389079999999993
2004-10-11,27.446039995999993
2004-10-12,27.50099999599999
2004-10-13,27.56071998799999
2004-10-14,27.647639991999988
2004-10-15,27.73863999199999
2004-10-18,27.83675999199999
2004-10-19,27.933719995999994
2004-10-20,28.03255998799999
2004-10-21,28.13235998399999
2004-10-22,28.23159998399999
2004-10-25,28.33139998399999
2004-10-26,28.42839997999999
2004-10-27,28.534839979999994
2004-10-28,28.651239983999993
2004-10-29,28.76927998799999
2004-11-01,28.886479979999994
2004-11-02,29.008839979999994
2004-11-03,29.137959983999995
2004-11-04,29.263279987999994
2004-11-05,29.392159995999997
2004-11-08,29.522079991999995
2004-11-09,29.652119983999995
2004-11-10,29.781799987999996
2004-11-11,29.91331998799999
2004-11-12,30.04947997999999
2004-11-15,30.18591997599999
2004-11-16,30.32403997199999
2004-11-17,30.461959979999992
2004-11-18,30.60199997199999
2004-11-19,30.741559975999994
2004-11-22,30.902359983999997
2004-11-23,31.064719987999997
2004-11-24,31.238039975999996
2004-11-26,31.412599983999996
2004-11-29,31.599519975999996
2004-11-30,31.781559967999993
2004-12-01,31.968599975999993
2004-12-02,32.14483996399999
2004-12-03,32.312159959999995
2004-12-06,32.49107995199999
2004-12-07,32.660839935999995
2004-12-08,32.83243993199999
2004-12-09,33.003559944
2004-12-10,33.180599948
2004-12-13,33.359559940000004
2004-12-14,33.540239936000006
2004-12-15,33.721759932
2004-12-16,33.907999939999996
2004-12-17,34.08915993599999
2004-12-20,34.26063993599998
2004-12-21,34.43615994799998
2004-12-22,34.60951993599999
2004-12-23,34.78243994799998
2004-12-27,34.95047993599999
2004-12-28,35.122079935999984
2004-12-29,35.294359935999985
2004-12-30,35.46843993999998
2004-12-31,35.63735993599998
2005-01-03,35.80215993599998
2005-01-04,35.96755993999999
2005-01-05,36.13211993999999
2005-01-06,36.298319943999985
2005-01-07,36.480399951999985
2005-01-10,36.65975996399998
2005-01-11,36.82119997199998
2005-01-12,36.99163997999998
2005-01-13,37.17995999199997
2005-01-14,37.369839983999974
2005-01-18,37.561999991999976
2005-01-19,37.75279997999998
2005-01-20,37.94439996399998
2005-01-21,38.13431995999997
2005-01-24,38.32507994399997
2005-01-25,38.52319994399996
2005-01-26,38.72147993599996
2005-01-27,38.921799931999956
2005-01-28,39.12843992399996
2005-01-31,39.346999915999966
2005-02-01,39.56995991199996
2005-02-02,39.79879990799996
2005-02-03,40.019199899999954
2005-02-04,40.24387990799996
2005-02-07,40.46771989999996
2005-02-08,40.696119903999964
2005-02-09,40.91615989999996
2005-02-10,41.13759988799996
2005-02-11,41.36979990399996
2005-02-14,41.61527990799996
2005-02-15,41.87903991199996
2005-02-16,42.149959911999964
2005-02-17,42.41243990799995
2005-02-18,42.670239903999956
2005-02-22,42.92015991599996
2005-02-23,43.18091990399996
2005-02-24,43.44095989999996
2005-02-25,43.700839899999956
2005-02-28,43.78503989999996
2005-03-01,43.86735989999996
2005-03-02,43.94319989199996
2005-03-03,44.00339988799996
2005-03-04,44.07063988799996
2005-03-07,44.13323989199996
2005-03-08,44.184639895999965
2005-03-09,44.233439887999964
2005-03-10,44.28251988799997
2005-03-11,44.337799887999964
2005-03-14,44.395799895999964
2005-03-15,44.45487989599996
2005-03-16,44.51691989999996
2005-03-17,44.58247989999996
2005-03-18,44.650879899999964
2005-03-21,44.72451989599996
2005-03-22,44.79383989199996
2005-03-23,44.856559891999964
2005-03-24,44.91839989599996
2005-03-28,44.976879891999964
2005-03-29,45.03219989599996
2005-03-30,45.09523990399996
2005-03-31,45.15347989999996
2005-04-01,45.207039903999956
2005-04-04,45.258119895999954
2005-04-05,45.31435990399995
2005-04-06,45.37443991199996
2005-04-07,45.43855991199995
2005-04-08,45.501359907999955
2005-04-11,45.56131991199995
2005-04-12,45.625399899999955
2005-04-13,45.672359903999954
2005-04-14,45.70467991199995
2005-04-15,45.73267991199996
2005-04-18,45.76423991599996
2005-04-19,45.801679919999955
2005-04-20,45.83259992799996
2005-04-21,45.87051992799996
2005-04-22,45.90399993199996
2005-04-25,45.944159923999955
2005-04-26,45.98311992799996
2005-04-27,46.01983991999995
2005-04-28,46.05887991999995
2005-04-29,46.098839927999954
2005-05-02,46.13999991999996
2005-05-03,46.17823991999995
2005-05-04,46.22051991999996
2005-05-05,46.260559911999955
2005-05-06,46.30439991199996
2005-05-09,46.34371990399996
2005-05-10,46.380199895999965
2005-05-11,46.41387989999996
2005-05-12,46.442159899999965
2005-05-13,46.47467989999997
2005-05-16,46.50863989599997
2005-05-17,46.544199903999974
2005-05-18,46.58071989599998
2005-05-19,46.622479903999974
2005-05-20,46.66331991199997
2005-05-23,46.70871991199997
2005-05-24,46.75347990799997
2005-05-25,46.79991989999996
2005-05-26,46.85063989999997
2005-05-27,46.900639895999966
2005-05-31,46.943999887999965
2005-06-01,46.99159989599996
2005-06-02,47.03663988799997
2005-06-03,47.07035988799997
2005-06-06,47.10063988799997
2005-06-07,47.12599988399997
2005-06-08,47.15071989199997
2005-06-09,47.180839903999974
2005-06-10,47.201319895999966
2005-06-13,47.21395990799997
2005-06-14,47.22671990799997
2005-06-15,47.24359990799997
2005-06-16,47.26619991599998
2005-06-17,47.28743990799997
2005-06-20,47.30307990799997
2005-06-21,47.321799911999975
2005-06-22,47.341199915999965
2005-06-23,47.36679991599998
2005-06-24,47.387839915999976
2005-06-27,47.406079919999975
2005-06-28,47.42611990799997
2005-06-29,47.44727991199997
2005-06-30,47.47071991199997
2005-07-01,47.49515991199998
2005-07-05,47.52651991999997
2005-07-06,47.555959923999964
2005-07-07,47.58991992799996
2005-07-08,47.62603992799996
2005-07-11,47.660119935999965
2005-07-12,47.681359943999965
2005-07-13,47.705959947999965
2005-07-14,47.74107994799997
2005-07-15,47.77847995199996
2005-07-18,47.81795994799996
2005-07-19,47.86399994799996
2005-07-20,47.91571995999996
2005-07-21,47.96383995199996
2005-07-22,48.01011994399995
2005-07-25,48.056279943999954
2005-07-26,48.100239951999946
2005-07-27,48.146839951999944
2005-07-28,48.19571996399995
2005-07-29,48.24115997599994
2005-08-01,48.28499997599994
2005-08-02,48.33219997599995
2005-08-03,48.385959975999945
2005-08-04,48.43559997999994
2005-08-05,48.48147997599994
2005-08-08,48.52803998799994
2005-08-09,48.58183999199994
2005-08-10,48.63199999199994
2005-08-11,48.684879987999935
2005-08-12,48.74579999199994
2005-08-15,48.80955999599994
2005-08-16,48.87171999999993
2005-08-17,48.937119999999936
2005-08-18,48.998000007999934
2005-08-19,49.053520011999936
2005-08-22,49.104800007999934
2005-08-23,49.14912000799993
2005-08-24,49.19480001599994
2005-08-25,49.24256001199993
2005-08-26,49.28756001599993
2005-08-29,49.32748001999993
2005-08-30,49.371120031999936
2005-08-31,49.41776002799994
2005-09-01,49.45976002799994
2005-09-02,49.49924002399993
2005-09-06,49.55164002399994
2005-09-07,49.60288001999993
2005-09-08,49.65964002399993
2005-09-09,49.722920015999925
2005-09-12,49.78772001999993
2005-09-13,49.84560002399993
2005-09-14,49.89548003199992
2005-09-15,49.94412003599992
2005-09-16,49.99692004399992
2005-09-19,50.059800039999914
2005-09-20,50.12348003999991
2005-09-21,50.182760047999906
2005-09-22,50.24024004399991
2005-09-23,50.30088004399991
2005-09-26,50.36152004399991
2005-09-27,50.42028005199992
2005-09-28,50.469920051999914
2005-09-29,50.52412005199991
2005-09-30,50.58108004799991
2005-10-03,50.63628005599991
2005-10-04,50.6928000559999
2005-10-05,50.74768005999991
2005-10-06,50.80012005599991
2005-10-07,50.85216005599991
2005-10-10,50.894640063999915
2005-10-11,50.92108005599991
2005-10-12,50.93608005199991
2005-10-13,50.9600400399999
2005-10-14,50.9863600399999
2005-10-17,51.01024005199991
2005-10-18,51.0273200559999
2005-10-19,51.057440051999905
2005-10-20,51.091800063999905
2005-10-21,51.122560059999905
2005-10-24,51.14852005199991
2005-10-25,51.16416005999991
2005-10-26,51.18268004399991
2005-10-27,51.1945200479999
2005-10-28,51.1984000399999
2005-10-31,51.20752004799991
2005-11-01,51.21972004799991
2005-11-02,51.24064003199991
2005-11-03,51.270520031999915
2005-11-04,51.29892002799991
2005-11-07,51.32084001199991
2005-11-08,51.33924001599991
2005-11-09,51.35768002399991
2005-11-10,51.381440019999914
2005-11-11,51.40784002399992
2005-11-14,51.43404000799992
2005-11-15,51.46159999999991
2005-11-16,51.50071998799991
2005-11-17,51.51339998399992
2005-11-18,51.52655999199992
2005-11-21,51.530199995999915
2005-11-22,51.538079987999915
2005-11-23,51.53275999999992
2005-11-25,51.54191999599991
2005-11-28,51.549399979999905
2005-11-29,51.56096000399991
2005-11-30,51.581519995999905
2005-12-01,51.60480001999991
2005-12-02,51.6437600319999
2005-12-05,51.677920039999904
2005-12-06,51.7181600239999
2005-12-07,51.7533600039999
2005-12-08,51.7900400159999
2005-12-09,51.826200015999895
2005-12-12,51.86480001999989
2005-12-13,51.89832001199989
2005-12-14,51.926400011999895
2005-12-15,51.9642400239999
2005-12-16,51.9939200119999
2005-12-19,52.0244400159999
2005-12-20,52.056840011999896
2005-12-21,52.098200023999894
2005-12-22,52.137560019999896
2005-12-23,52.17320003199989
2005-12-27,52.210920015999896
2005-12-28,52.2476000279999
2005-12-29,52.280240027999895
2005-12-30,52.3120400359999
2006-01-03,52.3530400399999
2006-01-04,52.394720031999896
2006-01-05,52.41524001999989
2006-01-06,52.444599995999894
2006-01-09,52.490559979999894
2006-01-10,52.55215997599989
2006-01-11,52.608559959999894
2006-01-12,52.6649199679999
2006-01-13,52.7246799719999
2006-01-17,52.7839999959999
2006-01-18,52.8321200039999
2006-01-19,52.8663200119999
2006-01-20,52.88764001999991
2006-01-23,52.91012002799991
2006-01-24,52.92528002799991
2006-01-25,52.93152003999992
2006-01-26,52.92492004799991
2006-01-27,52.90544005599991
2006-01-30,52.89532006399991
2006-01-31,52.878840059999916
2006-02-01,52.86928005199992
2006-02-02,52.84232004799992
2006-02-03,52.81396006399992
2006-02-06,52.75956004799992
2006-02-07,52.71500003999992
2006-02-08,52.67680004399992
2006-02-09,52.61176002399991
2006-02-10,52.542480015999914
2006-02-13,52.447680007999914
2006-02-14,52.35772000399992
2006-02-15,52.283360011999925
2006-02-16,52.21840001999992
2006-02-17,52.15840000799992
2006-02-21,52.081800015999924
2006-02-22,52.011360007999926
2006-02-23,51.94240000399992
2006-02-24,52.048800007999915
2006-02-27,52.15476001999992
2006-02-28,52.25224002399992
2006-03-01,52.36148002399992
2006-03-02,52.46868001999992
2006-03-03,52.56856002399992
2006-03-06,52.668360011999916
2006-03-07,52.77620002399992
2006-03-08,52.87952002799992
2006-03-09,52.97416003199992
2006-03-10,53.06564001599992
2006-03-13,53.16452001999993
2006-03-14,53.26908001199992
2006-03-15,53.36500001599992
2006-03-16,53.45040003199992
2006-03-17,53.534240027999914
2006-03-20,53.618880043999916
2006-03-21,53.69592004399991
2006-03-22,53.77260005199991
2006-03-23,53.843120063999905
2006-03-24,53.9159600479999
2006-03-27,53.98280003999991
2006-03-28,54.05096005199991
2006-03-29,54.13672003999991
2006-03-30,54.22336004799991
2006-03-31,54.306680043999904
2006-04-03,54.3879600359999
2006-04-04,54.4584000319999
2006-04-05,54.55228004399991
2006-04-06,54.6695600439999
2006-04-07,54.77808005999991
2006-04-10,54.8886000679999
2006-04-11,55.0115200639999
2006-04-12,55.1369600519999
2006-04-13,55.26036004399991
2006-04-17,55.371240043999904
2006-04-18,55.4940800359999
2006-04-19,55.607960039999895
2006-04-20,55.736480031999896
2006-04-21,55.856720031999906
2006-04-24,55.9749600399999
2006-04-25,56.09584004399989
2006-04-26,56.2262800399999
2006-04-27,56.3594800319999
2006-04-28,56.4953200439999
2006-05-01,56.6288800319999
2006-05-02,56.7667600239999
2006-05-03,56.904600027999905
2006-05-04,57.04016001999991
2006-05-05,57.17984003999991
2006-05-08,57.32172005599991
2006-05-09,57.463400039999904
2006-05-10,57.60928003999991
2006-05-11,57.74280002799991
2006-05-12,57.871400035999905
2006-05-15,58.001120039999904
2006-05-16,58.117680039999904
2006-05-17,58.228520023999906
2006-05-18,58.3310400039999
2006-05-19,58.4300400119999
2006-05-22,58.5247600159999
2006-05-23,58.61824000799991
2006-05-24,58.70864000799991
2006-05-25,58.80371999599991
2006-05-26,58.89887999599991
2006-05-30,58.98255998799992
2006-05-31,59.06147999199992
2006-06-01,59.157199991999924
2006-06-02,59.252160003999926
2006-06-05,59.34599999999992
2006-06-06,59.43719998799992
2006-06-07,59.52083997999992
2006-06-08,59.62063999199992
2006-06-09,59.71399999199993
2006-06-12,59.798000003999924
2006-06-13,59.88280000799992
2006-06-14,59.961319991999915
2006-06-15,60.04559998399992
2006-06-16,60.12539999199992
2006-06-19,60.20275999999991
2006-06-20,60.27843999599991
2006-06-21,60.35432001199991
2006-06-22,60.44160001999991
2006-06-23,60.5285200079999
2006-06-26,60.61524001999991
2006-06-27,60.69948001199991
2006-06-28,60.776320007999914
2006-06-29,60.866200007999915
2006-06-30,60.94336001199991
2006-07-03,61.02559999999991
2006-07-05,61.103080011999914
2006-07-06,61.17316001199991
2006-07-07,61.242360007999906
2006-07-10,61.30940000399991
2006-07-11,61.378599999999906
2006-07-12,61.4274399999999
2006-07-13,61.470240003999905
2006-07-14,61.50696001999991
2006-07-17,61.54368001599991
2006-07-18,61.58076000799991
2006-07-19,61.62400001199991
2006-07-20,61.69000002799991
2006-07-21,61.757640027999905
2006-07-24,61.82880001199991
2006-07-25,61.90056002399991
2006-07-26,61.98084001999992
2006-07-27,62.063840019999915
2006-07-28,62.15520001599992
2006-07-31,62.25428001199991
2006-08-01,62.350120015999906
2006-08-02,62.45192000799991
2006-08-03,62.5583199999999
2006-08-04,62.660919995999905
2006-08-07,62.7544799999999
2006-08-08,62.8400799959999
2006-08-09,62.9184399999999
2006-08-10,62.990319991999904
2006-08-11,63.0541999999999
2006-08-14,63.1249600039999
2006-08-15,63.20215999599991
2006-08-16,63.288879987999906
2006-08-17,63.375919975999906
2006-08-18,63.4640799799999
2006-08-21,63.547359987999904
2006-08-22,63.6347599839999
2006-08-23,63.7197599839999
2006-08-24,63.808039999999906
2006-08-25,63.8996799879999
2006-08-28,63.9813199759999
2006-08-29,64.0596799839999
2006-08-30,64.1424799679999
2006-08-31,64.2289999599999
2006-09-01,64.3073199759999
2006-09-05,64.39851997999989
2006-09-06,64.47951997999989
2006-09-07,64.5654799719999
2006-09-08,64.64995995599989
2006-09-11,64.7366799359999
2006-09-12,64.8287599319999
2006-09-13,64.9260799439999
2006-09-14,65.0179199479999
2006-09-15,65.1037599479999
2006-09-18,65.1865599599999
2006-09-19,65.27319995599991
2006-09-20,65.3666399559999
2006-09-21,65.45243995999991
2006-09-22,65.5290799639999
2006-09-25,65.61831995199991
2006-09-26,65.72443995199991
2006-09-27,65.8207199519999
2006-09-28,65.9143199559999
2006-09-29,66.00447995199991
2006-10-02,66.08891994799991
2006-10-03,66.17411994799991
2006-10-04,66.26883996799991
2006-10-05,66.36295995999993
2006-10-06,66.45835996799991
2006-10-09,66.55051996799992
2006-10-10,66.64875997199992
2006-10-11,66.72671997999993
2006-10-12,66.81175997599992
2006-10-13,66.89807997599992
2006-10-16,66.99083996399993
2006-10-17,67.06823995999993
2006-10-18,67.14179993599994
2006-10-19,67.23511993599995
2006-10-20,67.32775994799995
2006-10-23,67.42919994799995
2006-10-24,67.52527995599993
2006-10-25,67.63035995599994
2006-10-26,67.74123995999993
2006-10-27,67.83251993999993
2006-10-30,67.92419992799992
2006-10-31,68.00871993999993
2006-11-01,68.07795995199994
2006-11-02,68.14927995599994
2006-11-03,68.22151997999994
2006-11-06,68.30075997999994
2006-11-07,68.38235997599993
2006-11-08,68.46743997599994
2006-11-09,68.55463996799993
2006-11-10,68.64131997599992
2006-11-13,68.72959999199992
2006-11-14,68.80980001199993
2006-11-15,68.88792001199991
2006-11-16,68.97211999199992
2006-11-17,69.05568000799992
2006-11-20,69.13548001999992
2006-11-21,69.22144000799992
2006-11-22,69.30532000799992
2006-11-24,69.39320001599992
2006-11-27,69.47896000399993
2006-11-28,69.57492001199995
2006-11-29,69.65571999199994
2006-11-30,69.73183999999993
2006-12-01,69.80983999599994
2006-12-04,69.87812001199994
2006-12-05,69.94740002399995
2006-12-06,70.01040002399995
2006-12-07,70.06124003999993
2006-12-08,70.11464003199994
2006-12-11,70.16972003999994
2006-12-12,70.22624005199994
2006-12-13,70.29372004799993
2006-12-14,70.36348003999993
2006-12-15,70.42884003999993
2006-12-18,70.48228003199992
2006-12-19,70.53352002799993
2006-12-20,70.57648001999993
2006-12-21,70.61468001599992
2006-12-22,70.64656002399994
2006-12-26,70.67832002799993
2006-12-27,70.71860003999993
2006-12-28,70.75452003599993
2006-12-29,70.79488002399992
2007-01-03,70.83020003199992
2007-01-04,70.87532002399992
2007-01-05,70.91032002399992
2007-01-08,70.94800003199992
2007-01-09,70.99484003599993
2007-01-10,71.04724003199992
2007-01-11,71.09328004399991
2007-01-12,71.12940004399991
2007-01-16,71.1789600279999
2007-01-17,71.2288000199999
2007-01-18,71.2689200319999
2007-01-19,71.3185600479999
2007-01-22,71.3550400279999
2007-01-23,71.3936800319999
2007-01-24,71.4436800279999
2007-01-25,71.4993600199999
2007-01-26,71.5527600119999
2007-01-29,71.5965199999999
2007-01-30,71.6366800119999
2007-01-31,71.67792002399989
2007-02-01,71.72848000799989
2007-02-02,71.7800799879999
2007-02-05,71.8466399919999
2007-02-06,71.91283998799989
2007-02-07,71.98219999999988
2007-02-08,72.06712001999989
2007-02-09,72.13096003599989
2007-02-12,72.21164003999989
2007-02-13,72.27988005599991
2007-02-14,72.34420005999992
2007-02-15,72.40276006399992
2007-02-16,72.46092005999992
2007-02-20,72.52820005199992
2007-02-21,72.59972005999992
2007-02-22,72.67076005599992
2007-02-23,72.74120006799993
2007-02-26,72.81128006799993
2007-02-27,72.87304006399992
2007-02-28,72.93508007199993
2007-03-01,73.00488009199994
2007-03-02,73.07564008399993
2007-03-05,73.15900009599993
2007-03-06,73.24652009599994
2007-03-07,73.33476008399994
2007-03-08,73.43104007199993
2007-03-09,73.53016006799993
2007-03-12,73.62692006799992
2007-03-13,73.71124007599992
2007-03-14,73.80632006399993
2007-03-15,73.90736005599993
2007-03-16,74.00708006799994
2007-03-19,74.11564006799993
2007-03-20,74.23432006399993
2007-03-21,74.36312004799993
2007-03-22,74.49832004399993
2007-03-23,74.63256004799992
2007-03-26,74.77792003999993
2007-03-27,74.92492003999992
2007-03-28,75.04856003999993
2007-03-29,75.17256004799992
2007-03-30,75.29332003599991
2007-04-02,75.41732004399992
2007-04-03,75.55064005199992
2007-04-04,75.65888004399991
2007-04-05,75.75264002399992
2007-04-09,75.84808001999993
2007-04-10,75.95040001199993
2007-04-11,76.04880001999993
2007-04-12,76.15072003199994
2007-04-13,76.24580004799994
2007-04-16,76.35228005599993
2007-04-17,76.44880004799994
2007-04-18,76.54780004399993
2007-04-19,76.63836005999994
2007-04-20,76.73408005999994
2007-04-23,76.84512003599994
2007-04-24,76.95340003199993
2007-04-25,77.06220003599992
2007-04-26,77.18012003599992
2007-04-27,77.29824001599992
2007-04-30,77.41904002799991
2007-05-01,77.53044003999992
2007-05-02,77.64744004799992
2007-05-03,77.76452005999991
2007-05-04,77.8802000399999
2007-05-07,78.0083200359999
2007-05-08,78.14444005199991
2007-05-09,78.2895600639999
2007-05-10,78.4463200719999
2007-05-11,78.6104800639999
2007-05-14,78.77676005199991
2007-05-15,78.94692004799991
2007-05-16,79.1152400559999
2007-05-17,79.30028007199991
2007-05-18,79.48232007199991
2007-05-21,79.67672006399991
2007-05-22,79.8782800559999
2007-05-23,80.0764800279999
2007-05-24,80.2619200279999
2007-05-25,80.46220001999991
2007-05-29,80.67472002399991
2007-05-30,80.9107200039999
2007-05-31,81.14679998799991
2007-06-01,81.37375997599992
2007-06-04,81.61907998399992
2007-06-05,81.87088000799992
2007-06-06,82.13120000799991
2007-06-07,82.38443998399991
2007-06-08,82.64543999999991
2007-06-11,82.8981999919999
2007-06-12,83.1464000119999
2007-06-13,83.38596004799989
2007-06-14,83.62344003599989
2007-06-15,83.87520000399991
2007-06-18,84.1467600239999
2007-06-19,84.4115200239999
2007-06-20,84.66628003199989
2007-06-21,84.9235600439999
2007-06-22,85.18024004399989
2007-06-25,85.43364001999988
2007-06-26,85.68252003199989
2007-06-27,85.94600002799987
2007-06-28,86.19236000799987
2007-06-29,86.45144001199986
2007-07-02,86.70468001199987
2007-07-03,86.98535999999986
2007-07-05,87.29327997199985
2007-07-06,87.60087995999984
2007-07-09,87.90219998399985
2007-07-10,88.20899997999985
2007-07-11,88.52671997199985
2007-07-12,88.85399995999984
2007-07-13,89.20223995599984
2007-07-16,89.54515994399985
2007-07-17,89.88919995599986
2007-07-18,90.22527994399987
2007-07-19,90.54327993199986
2007-07-20,90.87539995199985
2007-07-23,91.20451998399984
2007-07-24,91.49635998799984
2007-07-25,91.78992000399984
2007-07-26,92.12032001199985
2007-07-27,92.43335999599985
2007-07-30,92.72724001999985
2007-07-31,92.98556000399985
2007-08-01,93.25292003599985
2007-08-02,93.52052004799987
2007-08-03,93.77472004399985
2007-08-06,94.04688002399985
2007-08-07,94.32788004399985
2007-08-08,94.60956002799986
2007-08-09,94.85884001999987
2007-08-10,95.10424002799988
2007-08-13,95.35964002799989
2007-08-14,95.58996001199989
2007-08-15,95.79763998799989
2007-08-16,95.9954799759999
2007-08-17,96.2120799919999
2007-08-20,96.43471996399988
2007-08-21,96.67451995199988
2007-08-22,96.93531996399987
2007-08-23,97.18835993599988
2007-08-24,97.45455993999988
2007-08-27,97.71563993199987
2007-08-28,97.95699995199988
2007-08-29,98.22547995599987
2007-08-30,98.49907993999987
2007-08-31,98.77947994799989
2007-09-04,99.0701999559999
2007-09-05,99.3371199759999
2007-09-06,99.5859600119999
2007-09-07,99.82296001599991
2007-09-10,100.07980004799991
2007-09-11,100.33124006399991
2007-09-12,100.5818400319999
2007-09-13,100.83396003599992
2007-09-14,101.09280003199993
2007-09-17,101.35088003999994
2007-09-18,101.61948001599993
2007-09-19,101.88152003199994
2007-09-20,102.14416000799993
2007-09-21,102.42876000799993
2007-09-24,102.71888002799993
2007-09-25,103.02116000399992
2007-09-26,103.32659999999991
2007-09-27,103.63655999199992
2007-09-28,103.94251999599993
2007-10-01,104.26844000399993
2007-10-02,104.60591998399993
2007-10-03,104.93607995599993
2007-10-04,105.26171995999992
2007-10-05,105.61063993599993
2007-10-08,105.98375993199993
2007-10-09,106.35995991999992
2007-10-10,106.73419991599992
2007-10-11,107.08207991999993
2007-10-12,107.45099989999993
2007-10-15,107.81731992399992
2007-10-16,108.19847991599993
2007-10-17,108.59135993599992
2007-10-18,108.9693999639999
2007-10-19,109.3312799679999
2007-10-22,109.7028799559999
2007-10-23,110.1233199679999
2007-10-24,110.5403199519999
2007-10-25,110.94267997599991
2007-10-26,111.35983996399992
2007-10-29,111.77851998799991
2007-10-30,112.20219996399992
2007-10-31,112.6453599319999
2007-11-01,113.07919995199991
2007-11-02,113.51751994399991
2007-11-05,113.94339994399992
2007-11-06,114.38851993199992
2007-11-07,114.80391995999993
2007-11-08,115.17243995599993
2007-11-09,115.50143998399994
2007-11-12,115.77907995999995
2007-11-13,116.11891996799994
2007-11-14,116.44715995199995
2007-11-15,116.76191994399996
2007-11-16,117.08407994799995
2007-11-19,117.39399993999997
2007-11-20,117.71499997199996
2007-11-21,118.02759996799996
2007-11-23,118.34723996799997
2007-11-26,118.67923995599996
2007-11-27,119.01123994399995
2007-11-28,119.36491994799997
2007-11-29,119.73543993599996
2007-11-30,120.09903995199997
2007-12-03,120.44999991999995
2007-12-04,120.80415993199995
2007-12-05,121.18683993199994
2007-12-06,121.59847989999994
2007-12-07,122.02263991599995
2007-12-10,122.44447990399993
2007-12-11,122.85407990799993
2007-12-12,123.26131991199993
2007-12-13,123.67443991599994
2007-12-14,124.08511994399994
2007-12-17,124.48083995199994
2007-12-18,124.86751993999992
2007-12-19,125.26095994799992
2007-12-20,125.67819993599991
2007-12-21,126.12503996399991
2007-12-24,126.59419993999991
2007-12-26,127.0639199319999
2007-12-27,127.5347199439999
2007-12-28,127.99467992399991
2007-12-31,128.4517998919999
2008-01-02,128.88851989999992
2008-01-03,129.32803991999992
2008-01-04,129.7063598999999
2008-01-07,130.04663986399993
2008-01-08,130.34363985199994
2008-01-09,130.67803981599994
2008-01-10,131.01163981199994
2008-01-11,131.31399981999994
2008-01-14,131.64931985599992
2008-01-15,131.96919983199993
2008-01-16,132.2537598039999
2008-01-17,132.55015980399992
2008-01-18,132.8527997879999
2008-01-22,133.12855976799992
2008-01-23,133.33983979599992
2008-01-24,133.54071982799994
2008-01-25,133.71699982799993
2008-01-28,133.89483981199993
2008-01-29,134.07807983999993
2008-01-30,134.26783983199994
2008-01-31,134.47027984799996
2008-02-01,134.66951986799995
2008-02-04,134.85951986399994
2008-02-05,135.03235984399993
2008-02-06,135.17563983999992
2008-02-07,135.32751981999994
2008-02-08,135.48991982399994
2008-02-11,135.66891980799994
2008-02-12,135.82715979999998
2008-02-13,136.00391978799996
2008-02-14,136.17443976399994
2008-02-15,136.32935975599997
2008-02-19,136.46127978399997
2008-02-20,136.59851980399998
2008-02-21,136.728399812
2008-02-22,136.85219978799998
2008-02-25,136.99543981199997
2008-02-26,137.13359981999997
2008-02-27,137.27719979599996
2008-02-28,137.45519978399997
2008-02-29,137.60999979999997
2008-03-03,137.74415977599995
2008-03-04,137.89175976399997
2008-03-05,138.03771979199996
2008-03-06,138.16955981999996
2008-03-07,138.29907979199996
2008-03-10,138.42423979599994
2008-03-11,138.57363982399994
2008-03-12,138.71947982399996
2008-03-13,138.87287983599995
2008-03-14,139.01479982799995
2008-03-17,139.15579984799993
2008-03-18,139.3115998359999
2008-03-19,139.45443984799994
2008-03-20,139.6134398799999
2008-03-24,139.78815989999993
2008-03-25,139.9702398759999
2008-03-26,140.1775198679999
2008-03-27,140.36351987999993
2008-03-28,140.56391989999992
2008-03-31,140.76331989599993
2008-04-01,140.98343991599992
2008-04-02,141.19631990399992
2008-04-03,141.42403991199993
2008-04-04,141.6617599319999
2008-04-07,141.9083199399999
2008-04-08,142.1493199279999
2008-04-09,142.3863199039999
2008-04-10,142.6435598879999
2008-04-11,142.8663998879999
2008-04-14,143.0961199159999
2008-04-15,143.3280399359999
2008-04-16,143.5817599479999
2008-04-17,143.8358399439999
2008-04-18,144.1059599599999
2008-04-21,144.4056399839999
2008-04-22,144.66503996799992
2008-04-23,144.9212399839999
2008-04-24,145.1973199759999
2008-04-25,145.47703997199991
2008-04-28,145.7681199879999
2008-04-29,146.06675998799992
2008-04-30,146.3609599919999
2008-05-01,146.6777199759999
2008-05-02,146.98579997599992
2008-05-05,147.30447995599994
2008-05-06,147.62359994399995
2008-05-07,147.92459994399997
2008-05-08,148.22987995999995
2008-05-09,148.52623998399994
2008-05-12,148.84879996799995
2008-05-13,149.17927994799996
2008-05-14,149.48655995999997
2008-05-15,149.80539996799996
2008-05-16,150.10795994799994
2008-05-19,150.38819995599994
2008-05-20,150.68023996399995
2008-05-21,150.95023999999992
2008-05-22,151.20395998799992
2008-05-23,151.47123996399995
2008-05-27,151.74187996399993
2008-05-28,152.00515995599994
2008-05-29,152.27831995999995
2008-05-30,152.5479999359999
2008-06-02,152.80171991999993
2008-06-03,153.0486399119999
2008-06-04,153.29311995199993
2008-06-05,153.5528799159999
2008-06-06,153.8146799239999
2008-06-09,154.05959991999993
2008-06-10,154.3321599079999
2008-06-11,154.5803999279999
2008-06-12,154.79143995199993
2008-06-13,154.98055995599992
2008-06-16,155.1932799639999
2008-06-17,155.43279994399992
2008-06-18,155.65219994799992
2008-06-19,155.8837999639999
2008-06-20,156.0955200039999
2008-06-23,156.3095599879999
2008-06-24,156.5149999919999
2008-06-25,156.7423200119999
2008-06-26,156.9272000239999
2008-06-27,157.12252000799987
2008-06-30,157.28360001199988
2008-07-01,157.45132005999992
2008-07-02,157.5948400879999
2008-07-03,157.75400004399992
2008-07-07,157.92524006799994
2008-07-08,158.11388005999993
2008-07-09,158.27460005199993
2008-07-10,158.43020003599995
2008-07-11,158.56812003999994
2008-07-14,158.70800003599996
2008-07-15,158.83408003599993
2008-07-16,158.96532004799994
2008-07-17,159.07755999999995
2008-07-18,159.16335998799994
2008-07-21,159.28895997999996
2008-07-22,159.38799995199994
2008-07-23,159.46903993599994
2008-07-24,159.52975993599995
2008-07-25,159.61251990799997
2008-07-28,159.70307989999995
2008-07-29,159.79139989199996
2008-07-30,159.88495989599997
2008-07-31,159.99335991999996
2008-08-01,160.07899990399997
2008-08-04,160.15179986399997
2008-08-05,160.25831989999998
2008-08-06,160.40951993999997
2008-08-07,160.56379994399998
2008-08-08,160.73083991999997
2008-08-11,160.928959916
2008-08-12,161.15627994000002
2008-08-13,161.40527998
2008-08-14,161.63431998800002
2008-08-15,161.84840002800001
2008-08-18,162.039680028
2008-08-19,162.203760044
2008-08-20,162.382840084
2008-08-21,162.53880007599997
2008-08-22,162.716960096
2008-08-25,162.899880064
2008-08-26,163.05812005599998
2008-08-27,163.211800104
2008-08-28,163.352840076
2008-08-29,163.454320048
2008-09-02,163.57204002
2008-09-03,163.69984000800002
2008-09-04,163.81764003200004
2008-09-05,163.91151999200005
2008-09-08,164.00123996000005
2008-09-09,164.06055998000005
2008-09-10,164.11819996400007
2008-09-11,164.17355995200006
2008-09-12,164.21567995200007
2008-09-15,164.21343995600006
2008-09-16,164.20987992800008
2008-09-17,164.15995996000007
2008-09-18,164.11971994400008
2008-09-19,164.0902399080001
2008-09-22,164.0017199080001
2008-09-23,163.8979999360001
2008-09-24,163.7948399240001
2008-09-25,163.7086799280001
2008-09-26,163.5962799200001
2008-09-29,163.38351993600008
2008-09-30,163.2064799440001
2008-10-01,163.01799995600012
2008-10-02,162.7725999720001
2008-10-03,162.4892399760001
2008-10-06,162.2103600000001
2008-10-07,161.8998399960001
2008-10-08,161.6100799880001
2008-10-09,161.2960400120001
2008-10-10,161.01531999600013
2008-10-13,160.77804001200013
2008-10-14,160.50336000000013
2008-10-15,160.2011599720001
2008-10-16,159.9270399720001
2008-10-17,159.61919997600012
2008-10-20,159.26831995600014
2008-10-21,158.89055996400012
2008-10-22,158.54691994800015
2008-10-23,158.20103996400013
2008-10-24,157.84619996000015
2008-10-27,157.46655997600016
2008-10-28,157.10639998400018
2008-10-29,156.77483998000017
2008-10-30,156.46751996800015
2008-10-31,156.15315995600017
2008-11-03,155.81383996000017
2008-11-04,155.51259992800016
2008-11-05,155.22391994400016
2008-11-06,154.95883990800016
2008-11-07,154.73675992400015
2008-11-10,154.44043989600013
2008-11-11,154.15507990800012
2008-11-12,153.85835992800014
2008-11-13,153.57855990800013
2008-11-14,153.28371991600014
2008-11-17,152.96087989600014
2008-11-18,152.64667991600015
2008-11-19,152.30567990800014
2008-11-20,151.93747992000013
2008-11-21,151.5685599400001
2008-11-24,151.2194799360001
2008-11-25,150.84551994800012
2008-11-26,150.4966399200001
2008-11-28,150.1518799320001
2008-12-01,149.7883599160001
2008-12-02,149.4162399160001
2008-12-03,149.0400399320001
2008-12-04,148.6284799400001
2008-12-05,148.2276399520001
2008-12-08,147.8723599360001
2008-12-09,147.50915992400007
2008-12-10,147.13467992400007
2008-12-11,146.75311989600004
2008-12-12,146.40859988800003
2008-12-15,146.05567990000003
2008-12-16,145.70491990800002
2008-12-17,145.31271990400003
2008-12-18,144.89479986800004
2008-12-19,144.45959986800003
2008-12-22,144.00675986400003
2008-12-23,143.557999848
2008-12-24,143.09883986
2008-12-26,142.649759888
2008-12-29,142.216839888
2008-12-30,141.78227987600002
2008-12-31,141.403479888
2009-01-02,141.05591991600002
2009-01-05,140.74923994800002
2009-01-06,140.40371997200003
2009-01-07,140.05567996400003
2009-01-08,139.73571995600003
2009-01-09,139.38291992
2009-01-12,139.06139993200003
2009-01-13,138.77367994000002
2009-01-14,138.47143994000004
2009-01-15,138.15951995600003
2009-01-16,137.86627997600004
2009-01-20,137.62279996000004
2009-01-21,137.41171993600003
2009-01-22,137.24511994400004
2009-01-23,137.07851995200002
2009-01-26,136.910919932
2009-01-27,136.74511995200004
2009-01-28,136.58047994800003
2009-01-29,136.417479928
2009-01-30,136.251399944
2009-02-02,136.099999948
2009-02-03,135.983919936
2009-02-04,135.87315993600004
2009-02-05,135.757079924
2009-02-06,135.63815992400004
2009-02-09,135.54875993200005
2009-02-10,135.42247995200006
2009-02-11,135.29991998000006
2009-02-12,135.19848000800005
2009-02-13,135.10639998400003
2009-02-17,134.98923997200004
2009-02-18,134.88055994000004
2009-02-19,134.76527994400004
2009-02-20,134.65111992
2009-02-23,134.522319912
2009-02-24,134.39147993600002
2009-02-25,134.23647994
2009-02-26,134.09315992000003
2009-02-27,133.96347994
2009-03-02,133.81675994800003
2009-03-03,133.67227992800002
2009-03-04,133.55323990000002
2009-03-05,133.41959991200002
2009-03-06,133.282039916
2009-03-09,133.10507990000002
2009-03-10,132.955479892
2009-03-11,132.81443986800002
2009-03-12,132.69339987200001
2009-03-13,132.57019985600002
2009-03-16,132.420599876
2009-03-17,132.30055985200005
2009-03-18,132.17355982800004
2009-03-19,132.02191982800005
2009-03-20,131.86435985200004
2009-03-23,131.71475987200003
2009-03-24,131.57975985200002
2009-03-25,131.433679848
2009-03-26,131.29915984000002
2009-03-27,131.128439828
2009-03-30,130.956439844
2009-03-31,130.77047986
2009-04-01,130.592919828
2009-04-02,130.420199828
2009-04-03,130.27279982
2009-04-06,130.140839844
2009-04-07,129.98263985600002
2009-04-08,129.85935986400003
2009-04-09,129.746519844
2009-04-13,129.63387982800003
2009-04-14,129.49231979600003
2009-04-15,129.34491978800003
2009-04-16,129.18655979600004
2009-04-17,129.00759975600002
2009-04-20,128.84879975200005
2009-04-21,128.68427972400005
2009-04-22,128.49455976000004
2009-04-23,128.31723976000004
2009-04-24,128.12387976400004
2009-04-27,127.92259975200004
2009-04-28,127.72239976000003
2009-04-29,127.50295976000002
2009-04-30,127.28251973600003
2009-05-01,127.05255976000004
2009-05-04,126.83419978000003
2009-05-05,126.63467975200004
2009-05-06,126.42443974800005
2009-05-07,126.20687973600005
2009-05-08,125.97099978400004
2009-05-11,125.72943981200004
2009-05-12,125.48207981200004
2009-05-13,125.20111979200004
2009-05-14,124.94243980000003
2009-05-15,124.69771980400003
2009-05-18,124.46071982800002
2009-05-19,124.25775982800002
2009-05-20,124.05303984000003
2009-05-21,123.82507985600003
2009-05-22,123.56935987600004
2009-05-26,123.34443990800003
2009-05-27,123.12987990800004
2009-05-28,122.91515990800004
2009-05-29,122.71399990000003
2009-06-01,122.52991990400004
2009-06-02,122.34711988800004
2009-06-03,122.15319988400003
2009-06-04,121.98559989200002
2009-06-05,121.83783987600003
2009-06-08,121.67067984400003
2009-06-09,121.51831982800002
2009-06-10,121.38627985200002
2009-06-11,121.25659982000002
2009-06-12,121.09711980000002
2009-06-15,120.91575981600002
2009-06-16,120.74615978000003
2009-06-17,120.56487979600004
2009-06-18,120.40731976800005
2009-06-19,120.27259978000005
2009-06-22,120.12907980800006
2009-06-23,119.95555978800006
2009-06-24,119.82739974000005
2009-06-25,119.70647975200005
2009-06-26,119.60647975600004
2009-06-29,119.47563975200005
2009-06-30,119.37263974400004
2009-07-01,119.26347975600004
2009-07-02,119.12291974000004
2009-07-06,118.95915973200005
2009-07-07,118.80375975600005
2009-07-08,118.64611978000003
2009-07-09,118.50123977600003
2009-07-10,118.35979979600002
2009-07-13,118.25059980800003
2009-07-14,118.12843979200004
2009-07-15,118.02871980400003
2009-07-16,117.95819979200004
2009-07-17,117.90003979600004
2009-07-20,117.86359981600005
2009-07-21,117.80459980000005
2009-07-22,117.79543980400005
2009-07-23,117.77823978400006
2009-07-24,117.80059981600006
2009-07-27,117.81267982400007
2009-07-28,117.81315983600007
2009-07-29,117.81747983200007
2009-07-30,117.84199986000007
2009-07-31,117.88263988000007
2009-08-03,117.90579987600007
2009-08-04,117.91123984000006
2009-08-05,117.91739982400007
2009-08-06,117.89483984400006
2009-08-07,117.86263985200007
2009-08-10,117.81459987200006
2009-08-11,117.74871986000005
2009-08-12,117.69267986000004
2009-08-13,117.66339982800005
2009-08-14,117.62895984000004
2009-08-17,117.57319979200004
2009-08-18,117.52583977600005
2009-08-19,117.48707979600005
2009-08-20,117.44523980000004
2009-08-21,117.43191981600005
2009-08-24,117.41359982400004
2009-08-25,117.39251982000005
2009-08-26,117.36719982800004
2009-08-27,117.36687987200004
2009-08-28,117.38231985200004
2009-08-31,117.38731986000005
2009-09-01,117.40363986000006
2009-09-02,117.42363988800007
2009-09-03,117.45815988000007
2009-09-04,117.53267987600007
2009-09-08,117.61795990400006
2009-09-09,117.69191994000006
2009-09-10,117.78639991600006
2009-09-11,117.91359994400007
2009-09-14,118.04895994400007
2009-09-15,118.23827995200008
2009-09-16,118.4293999480001
2009-09-17,118.60395999200009
2009-09-18,118.81984002000009
2009-09-21,119.0485600200001
2009-09-22,119.2716400520001
2009-09-23,119.48592004400008
2009-09-24,119.70824006000008
2009-09-25,120.01668004400008
2009-09-28,120.30664006000008
2009-09-29,120.61168004400008
2009-09-30,120.95268002800009
2009-10-01,121.28784003600009
2009-10-02,121.6348800240001
2009-10-05,122.02232002800011
2009-10-06,122.42320001600011
2009-10-07,122.82924001600011
2009-10-08,123.19912004400011
2009-10-09,123.51996002000011
2009-10-12,123.86688002800011
2009-10-13,124.23516002000011
2009-10-14,124.59276000800011
2009-10-15,124.9653999920001
2009-10-16,125.3238400240001
2009-10-19,125.7173200560001
2009-10-20,126.1248800360001
2009-10-21,126.55164005600011
2009-10-22,126.98692003200011
2009-10-23,127.43432002000011
2009-10-26,127.84460003600012
2009-10-27,128.21588004400013
2009-10-28,128.54132004400012
2009-10-29,128.89636002800012
2009-10-30,129.22252004400013
2009-11-02,129.53580003200014
2009-11-03,129.87760000400013
2009-11-04,130.24444001600014
2009-11-05,130.62760000000014
2009-11-06,131.02144001600013
2009-11-09,131.44820003600015
2009-11-10,131.89964003600014
2009-11-11,132.32688006800015
2009-11-12,132.77388007200014
2009-11-13,133.23912009200015
2009-11-16,133.70600009600014
2009-11-17,134.18884009200013
2009-11-18,134.69072009600015
2009-11-19,135.16244007600014
2009-11-20,135.59032006800015
2009-11-23,136.05064005600013
2009-11-24,136.4884000880001
2009-11-25,136.93448010000014
2009-11-27,137.38112009600013
2009-11-30,137.81088008000015
2009-12-01,138.21516006400014
2009-12-02,138.63444007200013
2009-12-03,139.04436005600016
2009-12-04,139.41876008000014
2009-12-07,139.77432007600015
2009-12-08,140.14096011200016
2009-12-09,140.55216012400015
2009-12-10,140.94480010800018
2009-12-11,141.34448009600015
2009-12-14,141.75068007600015
2009-12-15,142.17072007600015
2009-12-16,142.59312010800014
2009-12-17,143.00056011600014
2009-12-18,143.43932011600018
2009-12-21,143.88672010400018
2009-12-22,144.34800014000018
2009-12-23,144.8131601600002
2009-12-24,145.30288018000022
2009-12-28,145.8041601720002
2009-12-29,146.29916020400023
2009-12-30,146.7827201880002
2009-12-31,147.2473201920002
2010-01-04,147.7312801840002
2010-01-05,148.2247601560002
2010-01-06,148.6978401400002
2010-01-07,149.17784015200021
2010-01-08,149.6711201720002
2010-01-11,150.1607201920002
2010-01-12,150.65028020800023
2010-01-13,151.15936022000022
2010-01-14,151.66776021200022
2010-01-15,152.17868020800023
2010-01-19,152.70752018800022
2010-01-20,153.20100018800025
2010-01-21,153.67984017200024
2010-01-22,154.11228016400023
2010-01-25,154.5616401720002
2010-01-26,155.00860017600024
2010-01-27,155.46812020000024
2010-01-28,155.90476018000024
2010-01-29,156.30696020000025
2010-02-01,156.71396019600024
2010-02-02,157.1232001920002
2010-02-03,157.53428017600024
2010-02-04,157.90360019200023
2010-02-05,158.2754001840002
2010-02-08,158.6605601600002
2010-02-09,159.0580401760002
2010-02-10,159.44144019600017
2010-02-11,159.83948017200018
2010-02-12,160.2628801400002
2010-02-16,160.6990001360002
2010-02-17,161.1466401560002
2010-02-18,161.5935601560002
2010-02-19,162.0524401360002
2010-02-22,162.4931201000002
2010-02-23,162.91672010400018
2010-02-24,163.36260010800018
2010-02-25,163.8133601200002
2010-02-26,164.2800801200002
2010-03-01,164.7625601360002
2010-03-02,165.2332801480002
2010-03-03,165.71524015200018
2010-03-04,166.21688015200021
2010-03-05,166.76024017200018
2010-03-08,167.2820401520002
2010-03-09,167.8034001760002
2010-03-10,168.3173601400002
2010-03-11,168.83564017600023
2010-03-12,169.36036019600022
2010-03-15,169.85708018800023
2010-03-16,170.34880017600025
2010-03-17,170.83880017600023
2010-03-18,171.33104017600024
2010-03-19,171.78940017200026
2010-03-22,172.26240018400026
2010-03-23,172.74988015200026
2010-03-24,173.22788017200023
2010-03-25,173.70708014000024
2010-03-26,174.21272012400024
2010-03-29,174.72180008000024
2010-03-30,175.23044005200026
2010-03-31,175.71960008400023
2010-04-01,176.19952006800025
2010-04-05,176.67968005600025
2010-04-06,177.17784008400022
2010-04-07,177.67496008800023
2010-04-08,178.1564801080002
2010-04-09,178.6427600760002
2010-04-12,179.13868010400023
2010-04-13,179.63784015200025
2010-04-14,180.13480014800027
2010-04-15,180.63680021200025
2010-04-16,181.14440024400028
2010-04-19,181.6456402880003
2010-04-20,182.13796028800027
2010-04-21,182.67324030800026
2010-04-22,183.24352027600025
2010-04-23,183.82792024400024
2010-04-26,184.41032022400023
2010-04-27,184.95792020400023
2010-04-28,185.50100024400024
2010-04-29,186.06660026400024
2010-04-30,186.58268027600022
2010-05-03,187.11724028400025
2010-05-04,187.62196024800022
2010-05-05,188.1296802280002
2010-05-06,188.59792016000023
2010-05-07,189.02308016800023
2010-05-10,189.54136017200025
2010-05-11,190.08948016800028
2010-05-12,190.64604019600026
2010-05-13,191.18980025200025
2010-05-14,191.69848019600025
2010-05-17,192.20556016000026
2010-05-18,192.71152020400027
2010-05-19,193.20816019600028
2010-05-20,193.6692001760003
2010-05-21,194.11536013200026
2010-05-24,194.57020007600025
2010-05-25,195.01080012000025
2010-05-26,195.44400010000027
2010-05-27,195.9000000720003
2010-05-28,196.36956008400028
2010-06-01,196.84908011200028
2010-06-02,197.3299200640003
2010-06-03,197.8037200120003
2010-06-04,198.2521600760003
2010-06-07,198.68504010400034
2010-06-08,199.1213601040003
2010-06-09,199.53436015600033
2010-06-10,199.98852019200032
2010-06-11,200.45820015600032
2010-06-14,200.92992016400032
2010-06-15,201.42636014800036
2010-06-16,201.95184010800037
2010-06-17,202.48140005200037
2010-06-18,203.0282000680004
2010-06-21,203.57284009200038
2010-06-22,204.1233601400004
2010-06-23,204.64780012800037
2010-06-24,205.15404007600037
2010-06-25,205.65296001200036
2010-06-28,206.15644000000037
2010-06-29,206.60980001600038
2010-06-30,207.05584002800038
2010-07-01,207.4953200480004
2010-07-02,207.9414800040004
2010-07-06,208.38711995200038
2010-07-07,208.8763599880004
2010-07-08,209.3546399360004
2010-07-09,209.8237598840004
2010-07-12,210.28383989200043
2010-07-13,210.70351988400043
2010-07-14,211.12435990000043
2010-07-15,211.5231598960004
2010-07-16,211.91111990800044
2010-07-19,212.28739997600042
2010-07-20,212.66800003600045
2010-07-21,213.05368005200046
2010-07-22,213.44980003600043
2010-07-23,213.84915999200044
2010-07-26,214.24628000000044
2010-07-27,214.66248001600042
2010-07-28,215.05515997600043
2010-07-29,215.43403994400043
2010-07-30,215.7973199280004
2010-08-02,216.1825199320004
2010-08-03,216.5697999280004
2010-08-04,216.9660799720004
2010-08-05,217.3508400200004
2010-08-06,217.73232004800036
2010-08-09,218.12800002400036
2010-08-10,218.50439998800036
2010-08-11,218.8314800000004
2010-08-12,219.1715200400004
2010-08-13,219.5295600120004
2010-08-16,219.8641200320004
2010-08-17,220.21360007600038
2010-08-18,220.5605601120004
2010-08-19,220.88320012800037
2010-08-20,221.20552013200037
2010-08-23,221.51112008000038
2010-08-24,221.80120009600037
2010-08-25,222.09496004000036
2010-08-26,222.37588006000036
2010-08-27,222.66952005200037
2010-08-30,222.97832001600037
2010-08-31,223.29000004800037
2010-09-01,223.62512008000039
2010-09-02,223.95256004800038
2010-09-03,224.29592005600037
2010-09-07,224.6426000880004
2010-09-08,225.0040401360004
2010-09-09,225.36768012800042
2010-09-10,225.7264401680004
2010-09-13,226.0939601400004
2010-09-14,226.43872012800043
2010-09-15,226.78140006800044
2010-09-16,227.14760001200045
2010-09-17,227.51299993600045
2010-09-20,227.90799995200044
2010-09-21,228.30107992400045
2010-09-22,228.71679993200047
2010-09-23,229.14299991600046
2010-09-24,229.56767986000048
2010-09-27,229.99079982400045
2010-09-28,230.39683982400047
2010-09-29,230.82287980000046
2010-09-30,231.21827976800046
2010-10-01,231.60427978800044
2010-10-04,231.95879978800045
2010-10-05,232.35355974400042
2010-10-06,232.75323976000044
2010-10-07,233.14823977200044
2010-10-08,233.56127972000047
2010-10-11,233.98263974800045
2010-10-12,234.41163974000045
2010-10-13,234.84995978400045
2010-10-14,235.30699972400046
2010-10-15,235.80651967600045
2010-10-18,236.28347964800048
2010-10-19,236.7017596080005
2010-10-20,237.1230795840005
2010-10-21,237.54539963600047
2010-10-22,237.96535963600047
2010-10-25,238.41123958800048
2010-10-26,238.8738395480005
2010-10-27,239.3197596040005
2010-10-28,239.7867195560005
2010-10-29,240.23339958000048
2010-11-01,240.69511957600048
2010-11-02,241.16931958800052
2010-11-03,241.6443996200005
2010-11-04,242.14011964400052
2010-11-05,242.6027996600005
2010-11-08,243.06535967200048
2010-11-09,243.5166796400005
2010-11-10,243.9808396360005
2010-11-11,244.4296396040005
2010-11-12,244.83523954000052
2010-11-15,245.23539956800053
2010-11-16,245.61791956400052
2010-11-17,246.01787953600052
2010-11-18,246.45191953600053
2010-11-19,246.85531958400054
2010-11-22,247.29099951600054
2010-11-23,247.7091595240005
2010-11-24,248.1659995120005
2010-11-26,248.6263595280005
2010-11-29,249.10595956000049
2010-11-30,249.5656395600005
2010-12-01,250.0453195880005
2010-12-02,250.5446395880005
2010-12-03,251.05859960000055
2010-12-06,251.57971956400056
2010-12-07,252.06135958800056
2010-12-08,252.55967956800055
2010-12-09,253.06003959200058
2010-12-10,253.55435958400057
2010-12-13,254.0643596160006
2010-12-14,254.56539960000057
2010-12-15,255.07939956000058
2010-12-16,255.58267954400057
2010-12-17,256.07219958400054
2010-12-20,256.5595995240006
2010-12-21,257.0479994880006
2010-12-22,257.5124794360006
2010-12-23,257.9604394880006
2010-12-27,258.4227594960006
2010-12-28,258.8780795600006
2010-12-29,259.3363195840006
2010-12-30,259.77491963600056
2010-12-31,260.2076397160006
2011-01-03,260.6820397360006
2011-01-04,261.16487978400056
2011-01-05,261.6529597960006
2011-01-06,262.1474397360006
2011-01-07,262.6610397440007
2011-01-10,263.1882397400007
2011-01-11,263.7170797240007
2011-01-12,264.27103974800076
2011-01-13,264.7935998000007
2011-01-14,265.3405997680007
2011-01-18,265.8709198360007
2011-01-19,266.4352798840007
2011-01-20,266.9537198920007
2011-01-21,267.4368398920007
2011-01-24,267.9551198440007
2011-01-25,268.52355982400076
2011-01-26,269.1307198360007
2011-01-27,269.7246398080007
2011-01-28,270.2855998280007
2011-01-31,270.84595983600076
2011-02-01,271.45787984800074
2011-02-02,272.0533198600007
2011-02-03,272.65059991200076
2011-02-04,273.2518398960008
2011-02-07,273.8788798280007
2011-02-08,274.50499990000077
2011-02-09,275.13611992800077
2011-02-10,275.74067993200083
2011-02-11,276.3578799600008
2011-02-14,276.9828799520008
2011-02-15,277.61580002000085
2011-02-16,278.26664001600085
2011-02-17,278.91160003600083
2011-02-18,279.5112000880008
2011-02-22,280.05764004400083
2011-02-23,280.6096400200008
2011-02-24,281.14519999200076
2011-02-25,281.7024400360007
2011-02-28,282.2779600720007
2011-03-01,282.83236005200075
2011-03-02,283.3650400120007
2011-03-03,283.9269600560007
2011-03-04,284.4748799960007
2011-03-07,284.9969599800007
2011-03-08,285.5179999400007
2011-03-09,286.02147987600074
2011-03-10,286.51279985600075
2011-03-11,287.02295988800074
2011-03-14,287.5407198800007
2011-03-15,288.02383982800075
2011-03-16,288.4548798680008
2011-03-17,288.89443983600074
2011-03-18,289.3036798560007
2011-03-21,289.7433998240007
2011-03-22,290.20159989600063
2011-03-23,290.6347599280007
2011-03-24,291.08507998000067
2011-03-25,291.5478400520007
2011-03-28,292.0096000480008
2011-03-29,292.46956005200076
2011-03-30,292.91012009600075
2011-03-31,293.3460000840007
2011-04-01,293.7618400960007
2011-04-04,294.1668000720006
2011-04-05,294.5552000960007
2011-04-06,294.9382000480007
2011-04-07,295.3207999920007
2011-04-08,295.6782800040007
2011-04-11,296.0057999160007
2011-04-12,296.34579990000066
2011-04-13,296.70203983200065
2011-04-14,297.05335980800066
2011-04-15,297.3263197520007
2011-04-18,297.58783975600073
2011-04-19,297.85595975200073
2011-04-20,298.14759975200076
2011-04-21,298.5022397520008
2011-04-25,298.8678797360008
2011-04-26,299.19499974800084
2011-04-27,299.5512396760008
2011-04-28,299.8728396640008
2011-04-29,300.23863965200087
2011-05-02,300.59979964000087
2011-05-03,301.00759973200087
2011-05-04,301.4624397320008
2011-05-05,301.8334796800008
2011-05-06,302.19403970800084
2011-05-09,302.53607968400087
2011-05-10,302.90043964000085
2011-05-11,303.27407970000087
2011-05-12,303.6434796640009
2011-05-13,303.99603961600087
2011-05-16,304.3358796000009
2011-05-17,304.7293996320009
2011-05-18,305.11959964400086
2011-05-19,305.4946797360009
2011-05-20,305.8546797520009
2011-05-23,306.2158397400009
2011-05-24,306.53119980000093
2011-05-25,306.85079974400094
2011-05-26,307.14747975200095
2011-05-27,307.4413197480009
2011-05-31,307.7801597600009
2011-06-01,308.1383596800009
2011-06-02,308.5189996360009
2011-06-03,308.8954396520009
2011-06-06,309.2747995760009
2011-06-07,309.6009195080009
2011-06-08,309.9158395040009
2011-06-09,310.2246794680009
2011-06-10,310.4895194960009
2011-06-13,310.7269195320009
2011-06-14,310.96919958000086
2011-06-15,311.17991949200086
2011-06-16,311.3998794520009
2011-06-17,311.5855193760009
2011-06-20,311.76291942800094
2011-06-21,311.9881194520009
2011-06-22,312.2117595000009
2011-06-23,312.4634795480009
2011-06-24,312.7441995640009
2011-06-27,313.0662395080008
2011-06-28,313.41335954800087
2011-06-29,313.7617596200008
2011-06-30,314.10991968400083
2011-07-01,314.4482796840008
2011-07-05,314.8136397120008
2011-07-06,315.1821997120008
2011-07-07,315.58183972800083
2011-07-08,316.01347972800085
2011-07-11,316.4185597600008
2011-07-12,316.82775972400077
2011-07-13,317.2602396920007
2011-07-14,317.70899965600074
2011-07-15,318.16111958800076
2011-07-18,318.63935964000075
2011-07-19,319.1106795880007
2011-07-20,319.61851956800075
2011-07-21,320.13055959200074
2011-07-22,320.6474395680007
2011-07-25,321.19759956000075
2011-07-26,321.77879961600075
2011-07-27,322.3201596160007
2011-07-28,322.8400396080007
2011-07-29,323.35423957600074
2011-08-01,323.8893194880007
2011-08-02,324.3981594400007
2011-08-03,324.92807939200077
2011-08-04,325.3905594040008
2011-08-05,325.8473994480008
2011-08-08,326.2594794800008
2011-08-09,326.7483594520008
2011-08-10,327.2067195280008
2011-08-11,327.7109595320008
2011-08-12,328.21103944000083
2011-08-15,328.73239941200086
2011-08-16,329.2547994040009
2011-08-17,329.77799941600085
2011-08-18,330.25899947600084
2011-08-19,330.7233994240009
2011-08-22,331.1775994040009
2011-08-23,331.71087943200087
2011-08-24,332.24911946800086
2011-08-25,332.7739995200008
2011-08-26,333.33591945600085
2011-08-29,333.89447942400085
2011-08-30,334.44575943600086
2011-08-31,334.9499994400008
2011-09-01,335.44287940000083
2011-09-02,335.88739937200086
2011-09-06,336.3540794240008
2011-09-07,336.8361593520008
2011-09-08,337.3045593920008
2011-09-09,337.7422393680008
2011-09-12,338.18111937200086
2011-09-13,338.6133193840009
2011-09-14,339.0690394040009
2011-09-15,339.5079593560008
2011-09-16,339.9748794160009
2011-09-19,340.47039943600083
2011-09-20,340.96851946000083
2011-09-21,341.44779953600084
2011-09-22,341.8904396280008
2011-09-23,342.3601995920008
2011-09-26,342.82339962000077
2011-09-27,343.2854396760008
2011-09-28,343.7433996400008
2011-09-29,344.1911196840008
2011-09-30,344.5606397040008
2011-10-03,344.9022796720008
2011-10-04,345.2353997160008
2011-10-05,345.57211973200083
2011-10-06,345.9001597120008
2011-10-07,346.1851997200008
2011-10-10,346.5398796680008
2011-10-11,346.9317996640008
2011-10-12,347.2815997120008
2011-10-13,347.6433197120008
2011-10-14,348.09335970400076
2011-10-17,348.53119979200073
2011-10-18,348.98207975200074
2011-10-19,349.34667971200076
2011-10-20,349.69255977600073
2011-10-21,350.03183985200076
2011-10-24,350.4235998480008
2011-10-25,350.79371993600074
2011-10-26,351.1921999760008
2011-10-27,351.5942400440008
2011-10-28,351.9765999840008
2011-10-31,352.34451996800084
2011-11-01,352.6574799760008
2011-11-02,352.9785999560008
2011-11-03,353.3163999440008
2011-11-04,353.65303996000085
2011-11-07,353.97983996000085
2011-11-08,354.3381599360008
2011-11-09,354.68715996800086
2011-11-10,354.9998799680008
2011-11-11,355.3319999320008
2011-11-14,355.6470399840008
2011-11-15,355.96863997600076
2011-11-16,356.2807999640008
2011-11-17,356.53700000800075
2011-11-18,356.8018400360008
2011-11-21,357.0186800360008
2011-11-22,357.2647200600008
2011-11-23,357.4652000560008
2011-11-25,357.67488005200073
2011-11-28,357.91376007200074
2011-11-29,358.1339600400007
2011-11-30,358.3929999880007
2011-12-01,358.66411999600075
2011-12-02,358.9500799720007
2011-12-05,359.2380800480007
2011-12-06,359.52283999600076
2011-12-07,359.79696002000077
2011-12-08,360.0729199800008
2011-12-09,360.36624001600075
2011-12-12,360.6521600440007
2011-12-13,360.9224000360007
2011-12-14,361.1607200440007
2011-12-15,361.3876400600007
2011-12-16,361.61492002800065
2011-12-19,361.84312007200066
2011-12-20,362.1325200200007
2011-12-21,362.4196000200007
2011-12-22,362.7119199800007
2011-12-23,363.0240799680007
2011-12-27,363.3555599200007
2011-12-28,363.6758798800007
2011-12-29,363.9780799080007
2011-12-30,364.27291987600074
2012-01-03,364.5818398440007
2012-01-04,364.9006799320007
2012-01-05,365.2283199000007
2012-01-06,365.54811990400066
2012-01-09,365.86847992000065
2012-01-10,366.1837598720007
2012-01-11,366.49123980800067
2012-01-12,366.7828798080007
2012-01-13,367.09951979200065
2012-01-17,367.44295974800065
2012-01-18,367.8286797640007
2012-01-19,368.2327997760007
2012-01-20,368.5641998320007
2012-01-23,368.9082398560007
2012-01-24,369.21447981600073
2012-01-25,369.6282798360008
2012-01-26,370.06239978800073
2012-01-27,370.49423984400073
2012-01-30,370.92615980000073
2012-01-31,371.37479970400074
2012-02-01,371.82579961200076
2012-02-02,372.26027962400076
2012-02-03,372.6914796640007
2012-02-06,373.1265595280007
2012-02-07,373.56923956400067
2012-02-08,374.05779964000067
2012-02-09,374.6030796240007
2012-02-10,375.14003963200065
2012-02-13,375.7108396640007
2012-02-14,376.29615965600067
2012-02-15,376.85363954400066
2012-02-16,377.4602394880007
2012-02-17,378.11427955600067
2012-02-21,378.8031996760007
2012-02-22,379.4838396600007
2012-02-23,380.1567595240007
2012-02-24,380.8335594200007
2012-02-27,381.5393594960007
2012-02-28,382.27251956000066
2012-02-29,383.00403964000066
2012-03-01,383.7419195960006
2012-03-02,384.5011996720006
2012-03-05,385.21079978800066
2012-03-06,385.9219597760006
2012-03-07,386.6580398520007
2012-03-08,387.4180397320007
2012-03-09,388.18447981200063
2012-03-12,389.0107597640007
2012-03-13,389.9631197160007
2012-03-14,390.98287976800066
2012-03-15,392.00243976800067
2012-03-16,392.9875197240007
2012-03-19,394.0271197000007
2012-03-20,395.0941996120007
2012-03-21,396.1243195320007
2012-03-22,397.11551957200066
2012-03-23,398.0979595760006
2012-03-26,399.12203951600065
2012-03-27,400.18543955600063
2012-03-28,401.2618795720006
2012-03-29,402.3230795080007
2012-03-30,403.3565195560007
2012-04-02,404.4754796400007
2012-04-03,405.64059960400067
2012-04-04,406.7855195880007
2012-04-05,407.97999947600067
2012-04-09,409.2017195080006
2012-04-10,410.38587958800065
2012-04-11,411.5461597080007
2012-04-12,412.7075596400007
2012-04-13,413.8186395960007
2012-04-16,414.81175968400066
2012-04-17,415.89911968400065
2012-04-18,416.96283973200065
2012-04-19,417.90979972400066
2012-04-20,418.7896797280007
2012-04-23,419.6747995840007
2012-04-24,420.5153196480007
2012-04-25,421.56831977200073
2012-04-26,422.5985998000007
2012-04-27,423.6254799120007
2012-04-30,424.56859981600076
2012-05-01,425.49883985200074
2012-05-02,426.45575980400076
2012-05-03,427.3963997560008
2012-05-04,428.2669997640008
2012-05-07,429.14711977200074
2012-05-08,430.0309197600007
2012-05-09,430.92135990000065
2012-05-10,431.84143981200066
2012-05-11,432.7750798720007
2012-05-14,433.6633998040007
2012-05-15,434.5165997880007
2012-05-16,435.3387997560007
2012-05-17,436.11839976000067
2012-05-18,436.9023197600007
2012-05-21,437.8186796400007
2012-05-22,438.69943977200063
2012-05-23,439.64167965600063
2012-05-24,440.55331974800066
2012-05-25,441.41115973200067
2012-05-29,442.31819966400064
2012-05-30,443.2504796920007
2012-05-31,444.18763972800065
2012-06-01,445.07943968800066
2012-06-04,446.00843964400065
2012-06-05,446.93079976800067
2012-06-06,447.8906798960007
2012-06-07,448.8739598640006
2012-06-08,449.8888398080006
2012-06-11,450.84375971200063
2012-06-12,451.8413997400006
2012-06-13,452.8293998160006
2012-06-14,453.8344798040006
2012-06-15,454.8697197360006
2012-06-18,455.9116396600006
2012-06-19,456.9708397640007
2012-06-20,457.98887962000066
2012-06-21,458.9941595600007
2012-06-22,459.99439959600073
2012-06-25,460.9364396360007
2012-06-26,461.88839968800073
2012-06-27,462.84371960400074
2012-06-28,463.7468795000007
2012-06-29,464.6851595600008
2012-07-02,465.64819960000074
2012-07-03,466.61703950400073
2012-07-05,467.61795950400074
2012-07-06,468.6254793880007
2012-07-09,469.66603938800074
2012-07-10,470.6667994880007
2012-07-11,471.65343953600075
2012-07-12,472.58935959600075
2012-07-13,473.51403955600074
2012-07-16,474.4342796840008
2012-07-17,475.31443964400074
2012-07-18,476.1903196640007
2012-07-19,477.07439971200074
2012-07-20,477.8975998600007
2012-07-23,478.6992798400007
2012-07-24,479.5325997400007
2012-07-25,480.2651997920007
2012-07-26,481.0027999040007
2012-07-27,481.7564399000007
2012-07-30,482.5809199720007
2012-07-31,483.45367992000064
2012-08-01,484.3714398840006
2012-08-02,485.3081198000006
2012-08-03,486.3580798520006
2012-08-06,487.35223985600066
2012-08-07,488.38111990800064
2012-08-08,489.36575990800065
2012-08-09,490.3407199000007
2012-08-10,491.2938798720007
2012-08-13,492.29195986000065
2012-08-14,493.29695995200063
2012-08-15,494.3560798400007
2012-08-16,495.47731992400065
2012-08-17,496.6439999800006
2012-08-20,497.81020002400066
2012-08-21,498.9297199040007
2012-08-22,500.1103198480007
2012-08-23,501.22651992400074
2012-08-24,502.3195198920007
2012-08-27,503.46227982400075
2012-08-28,504.6221598320007
2012-08-29,505.7919197960007
2012-08-30,506.9511997320007
2012-08-31,508.0931997000007
2012-09-04,509.2573597480007
2012-09-05,510.40171982400074
2012-09-06,511.59687988800073
2012-09-07,512.7988798440007
2012-09-10,513.9113597800007
2012-09-11,514.9965198880006
2012-09-12,516.1038399720007
2012-09-13,517.2337599840007
2012-09-14,518.3523600040007
2012-09-17,519.4976801040008
2012-09-18,520.6567600920008
2012-09-19,521.8578801320008
2012-09-20,523.0354801680007
2012-09-21,524.2231601160007
2012-09-24,525.3892801560007
2012-09-25,526.4954002120007
2012-09-26,527.5938400920006
2012-09-27,528.7938401080007
2012-09-28,529.9638401840007
2012-10-01,531.1114001200007
2012-10-02,532.2436400800008
2012-10-03,533.4199599800007
2012-10-04,534.6079599360007
2012-10-05,535.6630799440007
2012-10-08,536.6146000400006
2012-10-09,537.5492400720007
2012-10-10,538.4791601000006
2012-10-11,539.3035600640006
2012-10-12,540.1424400400006
2012-10-15,540.9925200560006
2012-10-16,541.9972000360004
2012-10-17,542.9944000040005
2012-10-18,543.9534800040004
2012-10-19,544.7697600480005
2012-10-22,545.7147999960005
2012-10-23,546.5658399280005
2012-10-24,547.4143998040005
2012-10-25,548.2327597920005
2012-10-26,549.0296397640005
2012-10-31,549.8248797520006
2012-11-01,550.6213997720005
2012-11-02,551.3163198160005
2012-11-05,552.0538398200005
2012-11-06,552.7863197120005
2012-11-07,553.3933997760004
2012-11-08,553.9632797360005
2012-11-09,554.6106397080005
2012-11-12,555.2434797200004
2012-11-13,555.8980397480004
2012-11-14,556.4902397920005
2012-11-15,557.0536397080006
2012-11-16,557.6547197400006
2012-11-19,558.4178797440006
2012-11-20,559.1854796880007
2012-11-21,559.9262397120006
2012-11-23,560.7442797960006
2012-11-26,561.6481198680005
2012-11-27,562.4827598520004
2012-11-28,563.3217199360004
2012-11-29,564.1503598920004
2012-11-30,564.9397598560005
2012-12-03,565.7257199520004
2012-12-04,566.4570798160004
2012-12-05,567.0484398960004
2012-12-06,567.6810397960005
2012-12-07,568.2513998720004
2012-12-10,568.7961997400005
2012-12-11,569.3943998160005
2012-12-12,569.9951598400005
2012-12-13,570.5931597480004
2012-12-14,571.1165597120005
2012-12-17,571.6677996720005
2012-12-18,572.2745597280006
2012-12-19,572.7959997000006
2012-12-20,573.2971197440006
2012-12-21,573.7802398000006
2012-12-24,574.2475997080005
2012-12-26,574.6734796800006
2012-12-27,575.1231597200006
2012-12-28,575.5410396160006
2012-12-31,576.0497195640006
2013-01-02,576.6009194680005
2013-01-03,577.1155593920006
2013-01-04,577.5514393800006
2013-01-07,577.9574393800006
2013-01-08,578.3717594600006
2013-01-09,578.7471995080006
2013-01-10,579.1510394560006
2013-01-11,579.5466795920006
2013-01-14,579.8744396160005
2013-01-15,580.1193196640005
2013-01-16,580.4272395560006
2013-01-17,580.7269596320006
2013-01-18,581.0457596640005
2013-01-22,581.3551996960005
2013-01-23,581.7295997200004
2013-01-24,581.7449596440003
2013-01-25,581.7259596880004
2013-01-28,581.7361596560006
2013-01-29,581.7571996000005
2013-01-30,581.7585996880005
2013-01-31,581.7557997320006
2013-02-01,581.7497997000006
2013-02-04,581.6803597160006
2013-02-05,581.6558398520006
2013-02-06,581.6099198720005
2013-02-07,581.5760798440007
2013-02-08,581.5033198320007
2013-02-11,581.4493599320007
2013-02-12,581.3105598560007
2013-02-13,581.1407598720007
2013-02-14,581.0164400200007
2013-02-15,580.8482400680007
2013-02-19,580.6797201120006
2013-02-20,580.4157200520006
2013-02-21,580.1478001160006
2013-02-22,579.8854802000005
2013-02-25,579.5670402280006
2013-02-26,579.2598801960007
2013-02-27,578.8965201040007
2013-02-28,578.4923600400008
2013-03-01,578.0363601800008
2013-03-04,577.5358401000009
2013-03-05,577.1277599440009
2013-03-06,576.7093599800008
2013-03-07,576.308919948001
2013-03-08,575.8678400520009
2013-03-11,575.4386399480009
2013-03-12,574.9443600120009
2013-03-13,574.385359984001
2013-03-14,573.757039916001
2013-03-15,573.1894399520008
2013-03-18,572.6700400800008
2013-03-19,572.083599956001
2013-03-20,571.468079968001
2013-03-21,570.868999980001
2013-03-22,570.319279948001
2013-03-25,569.789399940001
2013-03-26,569.206040048001
2013-03-27,568.5564399200009
2013-03-28,567.8565999240009
2013-04-01,567.132799968001
2013-04-02,566.4537599120009
2013-04-03,565.707199808001
2013-04-04,564.900799832001
2013-04-05,564.0963598440009
2013-04-08,563.266479916001
2013-04-09,562.429479932001
2013-04-10,561.658479856001
2013-04-11,560.890999752001
2013-04-12,560.1191198720011
2013-04-15,559.377599992001
2013-04-16,558.7620399480011
2013-04-17,557.9344400200011
2013-04-18,557.0692799240012
2013-04-19,556.2816400000012
2013-04-22,555.5844000120012
2013-04-23,554.9221200760012
2013-04-24,554.3028400040012
2013-04-25,553.4963599160012
2013-04-26,552.7343598840012
2013-04-29,552.0428397560013
2013-04-30,551.4780397520012
2013-05-01,550.9066797040011
2013-05-02,550.3448397720011
2013-05-03,549.8174798800012
2013-05-06,549.3993198160011
2013-05-07,548.9560398200011
2013-05-08,548.5386797760011
2013-05-09,548.0890395800011
2013-05-10,547.6188396600012
2013-05-13,547.1709597160013
2013-05-14,546.7135198200012
2013-05-15,546.2162398640012
2013-05-16,545.7702399080011
2013-05-17,545.3827999080011
2013-05-20,545.0329999640011
2013-05-21,544.5465200440011
2013-05-22,544.0840399280012
2013-05-23,543.570360024001
2013-05-24,543.0896799720011
2013-05-28,542.6062800680012
2013-05-29,542.0970001600011
2013-05-30,541.5866401760011
2013-05-31,541.0746402040011
2013-06-03,540.6335603080012
2013-06-04,540.1736403560012
2013-06-05,539.7027602600011
2013-06-06,539.1707601520012
2013-06-07,538.6511201680012
2013-06-10,538.0854002000012
2013-06-11,537.5511203080011
2013-06-12,536.9752403200011
2013-06-13,536.4304402400012
2013-06-14,535.8645203160013
2013-06-17,535.2960003880013
2013-06-18,534.6799604400013
2013-06-19,534.0223202880013
2013-06-20,533.3467204200014
2013-06-21,532.6900405000013
2013-06-24,531.9718005120013
2013-06-25,531.2992403920013
2013-06-26,530.6034002720013
2013-06-27,529.8805202800012
2013-06-28,529.1904404000011
2013-07-01,528.4913203160012
2013-07-02,527.7952003480012
2013-07-03,527.0807603920011
2013-07-05,526.3106803880012
2013-07-08,525.5473604880011
2013-07-09,524.7812004680011
2013-07-10,524.0312803920011
2013-07-11,523.322720300001
2013-07-12,522.6331602720011
2013-07-15,521.9230403080011
2013-07-16,521.2162002040011
2013-07-17,520.509680320001
2013-07-18,519.811680260001
2013-07-19,519.0542001720011
2013-07-22,518.342240060001
2013-07-23,517.602880012001
2013-07-24,516.961240120001
2013-07-25,516.4153600680011
2013-07-26,515.8798000400011
2013-07-29,515.3303201240011
2013-07-30,514.7634801280011
2013-07-31,514.1305601160011
2013-08-01,513.530040096001
2013-08-02,512.9490400960011
2013-08-05,512.364040004001
2013-08-06,511.7348400240011
2013-08-07,511.1111199000011
2013-08-08,510.47571993600104
2013-08-09,509.81059988000106
2013-08-12,509.19323995600104
2013-08-13,508.63151986400106
2013-08-14,508.09875979600105
2013-08-15,507.5670798040011
2013-08-16,507.0310397640011
2013-08-19,506.46955978000113
2013-08-20,505.8132397120011
2013-08-21,505.1984398480011
2013-08-22,504.5347997720011
2013-08-23,503.88835976800107
2013-08-26,503.2473598880011
2013-08-27,502.4989999040011
2013-08-28,501.7633998360011
2013-08-29,501.03631990800113
2013-08-30,500.3297200240011
2013-09-03,499.62307998000114
2013-09-04,498.9179600760012
2013-09-05,498.21811986800117
2013-09-06,497.50591985600107
2013-09-09,496.80883986800114
2013-09-10,496.1364399640011
2013-09-11,495.36491982400116
2013-09-12,494.5765198320011
2013-09-13,493.7041997320011
2013-09-16,492.7395596560011
2013-09-17,491.7617195960011
2013-09-18,490.8127996120011
2013-09-19,489.893599508001
2013-09-20,488.96843953600103
2013-09-23,488.130639640001
2013-09-24,487.32387960000096
2013-09-25,486.55583958800094
2013-09-26,485.83999965600094
2013-09-27,485.04571968800093
2013-09-30,484.2843195120009
2013-10-01,483.5985995720009
2013-10-02,482.91159960400086
2013-10-03,482.15943969200083
2013-10-04,481.4243597960009
2013-10-07,480.7649998720009
2013-10-08,480.13607974000087
2013-10-09,479.5390396400009
2013-10-10,478.93395962400086
2013-10-11,478.3927996840009
2013-10-14,477.8581195680009
2013-10-15,477.31379950000087
2013-10-16,476.71907956000086
2013-10-17,476.1586394960009
2013-10-18,475.6636394360009
2013-10-21,475.30971945200093
2013-10-22,474.8530794680009
2013-10-23,474.4994794920009
2013-10-24,474.15979962000085
2013-10-25,473.8254797640009
2013-10-28,473.52899981600086
2013-10-29,473.21443988000084
2013-10-30,472.9278799400008
2013-10-31,472.71147979200083
2013-11-01,472.45311980400083
2013-11-04,472.22871990000084
2013-11-05,472.09851985600085
2013-11-06,472.0311999680008
2013-11-07,471.89292006000085
2013-11-08,471.80384010400087
2013-11-11,471.70844011200086
2013-11-12,471.64096000800083
2013-11-13,471.62100014000083
2013-11-14,471.62292018400086
2013-11-15,471.45996019200084
2013-11-18,471.2908401640008
2013-11-19,471.1222400960008
2013-11-20,470.8962399440008
2013-11-21,470.6226798240007
2013-11-22,470.3627597520007
2013-11-25,470.12595967200076
2013-11-26,469.9021196760008
2013-11-27,469.74483970800077
2013-11-29,469.62435951600077
2013-12-02,469.5258797160008
2013-12-03,469.6359996160008
2013-12-04,469.7070397480008
2013-12-05,469.8456396640008
2013-12-06,469.96643965200076
2013-12-09,470.0665995920008
2013-12-10,470.1727995120008
2013-12-11,470.2994794760007
2013-12-12,470.5024794760007
2013-12-13,470.6448795320007
2013-12-16,470.73927955600067
2013-12-17,470.8539996160007
2013-12-18,470.9701594960007
2013-12-19,471.07067939200067
2013-12-20,471.1860794160006
2013-12-23,471.4144394640006
2013-12-24,471.62487931200064
2013-12-26,471.84211942400066
2013-12-27,471.95379941600066
2013-12-30,471.97575943600066
2013-12-31,472.05143946000067